user_id,date,description,amount,is_subscription,is_price_creep,is_anomaly,true_canonical_merchant,merchant_clean,user_median_amount,user_std_amount,amount_zscore,predicted_anomaly
user_1,2026-02-01,UPI/NETFLIX.COM/UPIIntent/HDFC/789681768120/,425.68,1,0,0,,UPI/NETFLIX.COM/UPIIntent/HDFC,596.35,3297.1454733995306,-0.051762957193402286,0
user_1,2026-02-01,UPI/HOTSTAR SUB/UPIIntent/SBI/418753369987/,1158.51,1,1,0,,UPI/HOTSTAR SUB/UPIIntent/SBI,596.35,3297.1454733995306,0.1704989981592724,0
user_1,2026-02-01,UPI/MUSICSTREAM PLUS/UPIIntent/AXIS/810362119800/,837.06,1,1,0,,UPI/MUSICSTREAM PLUS/UPIIntent/AXIS,596.35,3297.1454733995306,0.0730055746529786,0
user_1,2026-02-01,UPI/NEWSDIGITAL SUB/UPIIntent/SBI/820817390979/,599.2,1,1,0,,UPI/NEWSDIGITAL SUB/UPIIntent/SBI,596.35,3297.1454733995306,0.0008643840628182908,0
user_1,2026-02-02,UPI/SPOTIFY INDIA/UPIIntent/ICICI/223934398971/,57.43,1,0,0,,UPI/SPOTIFY INDIA/UPIIntent/ICICI,596.35,3297.1454733995306,-0.1634504768891332,0
user_1,2026-02-02,UPI/AMAZON PRIME/UPIIntent/AXIS/108702394947/,126.85,1,0,0,,UPI/AMAZON PRIME/UPIIntent/AXIS,596.35,3297.1454733995306,-0.1423959008748015,0
user_1,2026-02-02,UPI/GYMFIT CLUB/UPIIntent/HDFC/671260526527/,45.72,1,1,0,,UPI/GYMFIT CLUB/UPIIntent/HDFC,596.35,3297.1454733995306,-0.16700203386302864,0
user_1,2026-02-02,UPI/CLOUDSTORAGE PRO/UPIIntent/ICICI/362414499790/,1198.58,1,1,0,,UPI/CLOUDSTORAGE PRO/UPIIntent/ICICI,596.35,3297.1454733995306,0.18265193478984385,0
user_1,2026-02-03,UPI/ANGEL ONE/angelmfcpupa@i/Subscripti/INDUSIND/597158029258/,465.44,1,0,0,,UPI/ANGEL ONE/angelmfcpupa@i/Subscripti/INDUSIND,596.35,3297.1454733995306,-0.03970404128545318,0
user_1,2026-02-03,UPI/Blinkit/blinkit.payu@h/UPIIntent/HDFC/633827745531/,1131.81,0,0,0,Blinkit,UPI/Blinkit/blinkit.payu@h/UPIIntent/HDFC,596.35,3297.1454733995306,0.16240108430760639,0
user_1,2026-02-03,UPI/BLINK COMMERCE PVT LTD/UPIIntent/HDFC/671507794733/,1070.61,0,0,0,Blinkit,UPI/BLINK COMMERCE PVT LTD/UPIIntent/HDFC,596.35,3297.1454733995306,0.1438395739060348,0
user_1,2026-02-06,UPI/Zomato Order/UPIIntent/ICICI/237353682104/,251.79,0,0,0,Zomato,UPI/Zomato Order/UPIIntent/ICICI,596.35,3297.1454733995306,-0.10450251673146244,0
user_1,2026-02-06,UPI/M S ISHAN SHARMA/eazypay.8kvdv4/ICICI/294956860706/,622.35,0,0,0,IshanSharma,UPI/M S ISHAN SHARMA/eazypay.8kvdv4/ICICI,596.35,3297.1454733995306,0.007885608994131712,0
user_1,2026-02-07,UPI/BOTTLE LAB TECHNOLOGIES/pinelabs.11443/UPI/AXIS/767875601281/,637.92,0,0,0,BottleLab,UPI/BOTTLE LAB TECHNOLOGIES/pinelabs.11443/UPI/AXIS,596.35,3297.1454733995306,0.012607875611002106,0
user_1,2026-02-08,UPI/Thesmartq1/thesmartq1.pay/UPIIntent/AIRTEL/826634711649/,211.16,0,0,0,Thesmartq1,UPI/Thesmartq1/thesmartq1.pay/UPIIntent/AIRTEL,596.35,3297.1454733995306,-0.11682529724806133,0
user_1,2026-02-09,UPI/SWIGGY BANGALORE/UPIIntent/HDFC/501859632628/,963.92,0,0,0,Swiggy,UPI/SWIGGY BANGALORE/UPIIntent/HDFC,596.35,3297.1454733995306,0.11148128069126896,0
user_1,2026-02-15,UPI/Kamod Kumar/UPI/INDIAN/739192226634/,800.94,0,0,0,KamodKumar,UPI/Kamod Kumar/UPI/INDIAN,596.35,3297.1454733995306,0.06205064400420797,0
user_1,2026-02-16,UPI/ZOMATO LTD/UPIIntent/ICICI/941471922836/,700.11,0,0,0,Zomato,UPI/ZOMATO LTD/UPIIntent/ICICI,596.35,3297.1454733995306,0.03146964573965794,0
user_1,2026-02-18,UPI/BLINK COMMERCE PVT LTD/UPIIntent/HDFC/431797976208/,692.69,0,0,0,Blinkit,UPI/BLINK COMMERCE PVT LTD/UPIIntent/HDFC,596.35,3297.1454733995306,0.029219214249794206,0
user_1,2026-02-18,UPI/BOTTLE LAB TECHNOLOGIES/pinelabs.11443/UPI/AXIS/662022111565/,1199.34,0,0,0,BottleLab,UPI/BOTTLE LAB TECHNOLOGIES/pinelabs.11443/UPI/AXIS,596.35,3297.1454733995306,0.1828824372065954,0
user_1,2026-02-18,UPI/Kamod Kumar/UPI/INDIAN/909288570492/,144.93,0,0,0,KamodKumar,UPI/Kamod Kumar/UPI/INDIAN,596.35,3297.1454733995306,-0.13691236969734374,0
user_1,2026-02-19,UPI/THE FROTH HOUSE/cf.thefrothhou/NSDL/844765186288/,1010.31,0,0,0,TheFrothHouse,UPI/THE FROTH HOUSE/cf.thefrothhou/NSDL,596.35,3297.1454733995306,0.12555102689272166,0
user_1,2026-02-20,UPI/Thesmartq1/thesmartq1.pay/UPIIntent/AIRTEL/677996131444/,1068.5,0,0,0,Thesmartq1,UPI/Thesmartq1/thesmartq1.pay/UPIIntent/AIRTEL,596.35,3297.1454733995306,0.14319962640689568,0
user_1,2026-02-22,UPI/M S ISHAN SHARMA/eazypay.8kvdv4/ICICI/814132997178/,780.72,0,0,0,IshanSharma,UPI/M S ISHAN SHARMA/eazypay.8kvdv4/ICICI,596.35,3297.1454733995306,0.05591806654800245,0
user_1,2026-02-22,UPI/Kamod Kumar/UPI/INDIAN/381118596268/,896.76,0,0,0,KamodKumar,UPI/Kamod Kumar/UPI/INDIAN,596.35,3297.1454733995306,0.09111214607411951,0
user_1,2026-02-23,UPI/ZOMATO LTD/UPIIntent/ICICI/327564214107/,959.54,0,0,0,Zomato,UPI/ZOMATO LTD/UPIIntent/ICICI,596.35,3297.1454733995306,0.11015285886841139,0
user_1,2026-02-23,UPI/CATERING CARE FSS/cateringcare1/HDFC/710449815787/,776.69,0,0,0,CateringCare,UPI/CATERING CARE FSS/cateringcare1/HDFC,596.35,3297.1454733995306,0.05469579715391205,0
user_1,2026-02-24,UPI/THE FROTH HOUSE/cf.thefrothhou/NSDL/502132236456/,775.21,0,0,0,TheFrothHouse,UPI/THE FROTH HOUSE/cf.thefrothhou/NSDL,596.35,3297.1454733995306,0.054246924026553775,0
user_1,2026-02-24,UPI/CATERING CARE FSS/cateringcare1/HDFC/983617928907/,1194.84,0,0,0,CateringCare,UPI/CATERING CARE FSS/cateringcare1/HDFC,596.35,3297.1454733995306,0.18151762026530335,0
user_1,2026-02-24,UPI/BLINK COMMERCE PVT LTD/UPIIntent/HDFC/805500774922/,962.45,0,0,0,Blinkit,UPI/BLINK COMMERCE PVT LTD/UPIIntent/HDFC,596.35,3297.1454733995306,0.11103544049044692,0
user_1,2026-02-28,UPI/BLINK COMMERCE PVT LTD/UPIIntent/HDFC/619222027536/,263.62,0,0,0,Blinkit,UPI/BLINK COMMERCE PVT LTD/UPIIntent/HDFC,596.35,3297.1454733995306,-0.10091456463913248,0
user_1,2026-02-28,UPI/BOTTLE LAB TECHNOLOGIES/pinelabs.11443/UPI/AXIS/469665921234/,758.32,0,0,0,BottleLab,UPI/BOTTLE LAB TECHNOLOGIES/pinelabs.11443/UPI/AXIS,596.35,3297.1454733995306,0.04912431110690437,0
user_1,2026-03-01,UPI/THE FROTH HOUSE/cf.thefrothhou/NSDL/237035680481/,671.95,0,0,0,TheFrothHouse,UPI/THE FROTH HOUSE/cf.thefrothhou/NSDL,596.35,3297.1454733995306,0.02292892461370606,0
user_1,2026-03-03,UPI/ANGEL ONE/angelmfcpupa@i/Subscripti/INDUSIND/567608558257/,465.44,1,0,0,,UPI/ANGEL ONE/angelmfcpupa@i/Subscripti/INDUSIND,596.35,3297.1454733995306,-0.03970404128545318,0
user_1,2026-03-03,UPI/MUSICSTREAM PLUS/UPIIntent/AXIS/885135917011/,862.17,1,1,0,,UPI/MUSICSTREAM PLUS/UPIIntent/AXIS,596.35,3297.1454733995306,0.08062125318538813,0
user_1,2026-03-04,UPI/NETFLIX.COM/UPIIntent/HDFC/962551630876/,425.68,1,0,0,,UPI/NETFLIX.COM/UPIIntent/HDFC,596.35,3297.1454733995306,-0.051762957193402286,0
user_1,2026-03-04,UPI/SPOTIFY INDIA/UPIIntent/ICICI/337278285287/,57.43,1,0,0,,UPI/SPOTIFY INDIA/UPIIntent/ICICI,596.35,3297.1454733995306,-0.1634504768891332,0
user_1,2026-03-04,UPI/HOTSTAR SUB/UPIIntent/SBI/118930101817/,1158.51,1,1,0,,UPI/HOTSTAR SUB/UPIIntent/SBI,596.35,3297.1454733995306,0.1704989981592724,0
user_1,2026-03-04,UPI/GYMFIT CLUB/UPIIntent/HDFC/709023142153/,45.72,1,1,0,,UPI/GYMFIT CLUB/UPIIntent/HDFC,596.35,3297.1454733995306,-0.16700203386302864,0
user_1,2026-03-04,UPI/CLOUDSTORAGE PRO/UPIIntent/ICICI/580470977829/,1198.58,1,1,0,,UPI/CLOUDSTORAGE PRO/UPIIntent/ICICI,596.35,3297.1454733995306,0.18265193478984385,0
user_1,2026-03-05,UPI/AMAZON PRIME/UPIIntent/AXIS/489060945655/,126.85,1,0,0,,UPI/AMAZON PRIME/UPIIntent/AXIS,596.35,3297.1454733995306,-0.1423959008748015,0
user_1,2026-03-05,UPI/NEWSDIGITAL SUB/UPIIntent/SBI/141719632068/,599.2,1,1,0,,UPI/NEWSDIGITAL SUB/UPIIntent/SBI,596.35,3297.1454733995306,0.0008643840628182908,0
user_1,2026-03-05,UPI/SWIGGY BANGALORE/UPIIntent/HDFC/389716292505/,696.41,0,0,0,Swiggy,UPI/SWIGGY BANGALORE/UPIIntent/HDFC,596.35,3297.1454733995306,0.030347462921262256,0
user_1,2026-03-05,UPI/Thesmartq1/thesmartq1.pay/UPIIntent/AIRTEL/536170714044/,1098.5,0,0,0,Thesmartq1,UPI/Thesmartq1/thesmartq1.pay/UPIIntent/AIRTEL,596.35,3297.1454733995306,0.1522984060155092,0
user_1,2026-03-07,UPI/ZOMATO LTD/UPIIntent/ICICI/419222522880/,373.32,0,0,0,Zomato,UPI/ZOMATO LTD/UPIIntent/ICICI,596.35,3297.1454733995306,-0.06764336053696908,0
user_1,2026-03-09,UPI/ZOMATO LTD/UPIIntent/ICICI/235203483885/,332.62,0,0,0,Zomato,UPI/ZOMATO LTD/UPIIntent/ICICI,596.35,3297.1454733995306,-0.07998737153932141,0
user_1,2026-03-10,UPI/ZOMATO LTD/UPIIntent/ICICI/672616761081/,1184.89,0,0,0,Zomato,UPI/ZOMATO LTD/UPIIntent/ICICI,596.35,3297.1454733995306,0.17849985836177995,0
user_1,2026-03-13,UPI/SWIGGY*BLR123/UPIIntent/HDFC/184977032306/,663.81,0,0,0,Swiggy,UPI/SWIGGY*BLR123/UPIIntent/HDFC,596.35,3297.1454733995306,0.020460122413235565,0
user_1,2026-03-14,UPI/Zomato Order/UPIIntent/ICICI/110235079137/,320.92,0,0,0,Zomato,UPI/Zomato Order/UPIIntent/ICICI,596.35,3297.1454733995306,-0.08353589558668068,0
user_1,2026-03-15,UPI/SWIGGY BANGALORE/UPIIntent/HDFC/294185745415/,736.39,0,0,0,Swiggy,UPI/SWIGGY BANGALORE/UPIIntent/HDFC,596.35,3297.1454733995306,0.04247310321300787,0
user_1,2026-03-16,UPI/M S ISHAN SHARMA/eazypay.8kvdv4/ICICI/335652093497/,914.35,0,0,0,IshanSharma,UPI/M S ISHAN SHARMA/eazypay.8kvdv4/ICICI,596.35,3297.1454733995306,0.09644706385130325,0
user_1,2026-03-19,UPI/Thesmartq1/thesmartq1.pay/UPIIntent/AIRTEL/269969373081/,933.55,0,0,0,Thesmartq1,UPI/Thesmartq1/thesmartq1.pay/UPIIntent/AIRTEL,596.35,3297.1454733995306,0.10227028280081588,0
user_1,2026-03-22,UPI/Blinkit/blinkit.payu@h/UPIIntent/HDFC/145880893273/,236.17,0,0,0,Blinkit,UPI/Blinkit/blinkit.payu@h/UPIIntent/HDFC,596.35,3297.1454733995306,-0.10923994798101387,0
user_1,2026-03-25,UPI/BOTTLE LAB TECHNOLOGIES/pinelabs.11443/UPI/AXIS/855748695859/,824.52,0,0,0,BottleLab,UPI/BOTTLE LAB TECHNOLOGIES/pinelabs.11443/UPI/AXIS,596.35,3297.1454733995306,0.06920228477657817,0
user_1,2026-03-27,UPI/SWIGGY BANGALORE/UPIIntent/HDFC/929624164938/,1135.34,0,0,0,Swiggy,UPI/SWIGGY BANGALORE/UPIIntent/HDFC,596.35,3297.1454733995306,0.16347170737488656,0
user_1,2026-03-29,UPI/BOTTLE LAB TECHNOLOGIES/pinelabs.11443/UPI/AXIS/197851311468/,415.45,0,0,0,BottleLab,UPI/BOTTLE LAB TECHNOLOGIES/pinelabs.11443/UPI/AXIS,596.35,3297.1454733995306,-0.054865641039939496,0
user_1,2026-03-29,UPI/Thesmartq1/thesmartq1.pay/UPIIntent/AIRTEL/116362199717/,497.62,0,0,0,Thesmartq1,UPI/Thesmartq1/thesmartq1.pay/UPIIntent/AIRTEL,596.35,3297.1454733995306,-0.02994408369194708,0
user_1,2026-03-29,UPI/Kamod Kumar/UPI/INDIAN/956257440503/,909.56,0,0,0,KamodKumar,UPI/Kamod Kumar/UPI/INDIAN,596.35,3297.1454733995306,0.09499429204046127,0
user_1,2026-04-02,UPI/ANGEL ONE/angelmfcpupa@i/Subscripti/INDUSIND/294525914009/,465.44,1,0,0,,UPI/ANGEL ONE/angelmfcpupa@i/Subscripti/INDUSIND,596.35,3297.1454733995306,-0.03970404128545318,0
user_1,2026-04-02,UPI/GYMFIT CLUB/UPIIntent/HDFC/646596275272/,45.72,1,1,0,,UPI/GYMFIT CLUB/UPIIntent/HDFC,596.35,3297.1454733995306,-0.16700203386302864,0
user_1,2026-04-02,UPI/CLOUDSTORAGE PRO/UPIIntent/ICICI/749708589852/,1318.44,1,1,0,,UPI/CLOUDSTORAGE PRO/UPIIntent/ICICI,596.35,3297.1454733995306,0.2190045922527911,0
user_1,2026-04-02,UPI/NEWSDIGITAL SUB/UPIIntent/SBI/856125860074/,599.2,1,1,0,,UPI/NEWSDIGITAL SUB/UPIIntent/SBI,596.35,3297.1454733995306,0.0008643840628182908,0
user_1,2026-04-02,UPI/BOTTLE LAB TECHNOLOGIES/pinelabs.11443/UPI/AXIS/966011500132/,338.8,0,0,0,BottleLab,UPI/BOTTLE LAB TECHNOLOGIES/pinelabs.11443/UPI/AXIS,596.35,3297.1454733995306,-0.07811302293994701,0
user_1,2026-04-02,UPI/ZOMATO LTD/UPIIntent/ICICI/704186683406/,86.36,0,0,0,Zomato,UPI/ZOMATO LTD/UPIIntent/ICICI,596.35,3297.1454733995306,-0.15467622041989354,0
user_1,2026-04-03,UPI/AMAZON PRIME/UPIIntent/AXIS/531855030053/,126.85,1,0,0,,UPI/AMAZON PRIME/UPIIntent/AXIS,596.35,3297.1454733995306,-0.1423959008748015,0
user_1,2026-04-03,UPI/HOTSTAR SUB/UPIIntent/SBI/864677360339/,1251.19,1,1,0,,UPI/HOTSTAR SUB/UPIIntent/SBI,596.35,3297.1454733995306,0.1986081612968158,0
user_1,2026-04-03,UPI/MUSICSTREAM PLUS/UPIIntent/AXIS/998902879947/,887.28,1,1,0,,UPI/MUSICSTREAM PLUS/UPIIntent/AXIS,596.35,3297.1454733995306,0.08823693171779763,0
user_1,2026-04-04,UPI/NETFLIX.COM/UPIIntent/HDFC/434429724282/,425.68,1,0,0,,UPI/NETFLIX.COM/UPIIntent/HDFC,596.35,3297.1454733995306,-0.051762957193402286,0
user_1,2026-04-04,UPI/SPOTIFY INDIA/UPIIntent/ICICI/313491265924/,57.43,1,0,0,,UPI/SPOTIFY INDIA/UPIIntent/ICICI,596.35,3297.1454733995306,-0.1634504768891332,0
user_1,2026-04-04,UPI/SWIGGY BANGALORE/UPIIntent/HDFC/297858575291/,744.87,0,0,0,Swiggy,UPI/SWIGGY BANGALORE/UPIIntent/HDFC,596.35,3297.1454733995306,0.045045024915709296,0
user_1,2026-04-04,UPI/Zomato Order/UPIIntent/ICICI/232294442774/,41.32,0,0,0,Zomato,UPI/Zomato Order/UPIIntent/ICICI,596.35,3297.1454733995306,-0.16833652153895862,0
user_1,2026-04-07,UPI/BOTTLE LAB TECHNOLOGIES/pinelabs.11443/UPI/AXIS/346203052621/,866.3,0,0,0,BottleLab,UPI/BOTTLE LAB TECHNOLOGIES/pinelabs.11443/UPI/AXIS,596.35,3297.1454733995306,0.08187385184484058,0
user_1,2026-04-07,UPI/BOTTLE LAB TECHNOLOGIES/pinelabs.11443/UPI/AXIS/247970601590/,1004.08,0,0,0,BottleLab,UPI/BOTTLE LAB TECHNOLOGIES/pinelabs.11443/UPI/AXIS,596.35,3297.1454733995306,0.12366151366066627,0
user_1,2026-04-10,UPI/BLINK COMMERCE PVT LTD/UPIIntent/HDFC/496259836132/,744.46,0,0,0,Blinkit,UPI/BLINK COMMERCE PVT LTD/UPIIntent/HDFC,596.35,3297.1454733995306,0.044920674927724925,0
user_1,2026-04-11,UPI/BOTTLE LAB TECHNOLOGIES/pinelabs.11443/UPI/AXIS/511256682061/,166.5,0,0,0,BottleLab,UPI/BOTTLE LAB TECHNOLOGIES/pinelabs.11443/UPI/AXIS,596.35,3297.1454733995306,-0.13037034715875065,0
user_1,2026-04-12,UPI/BOTTLE LAB TECHNOLOGIES/pinelabs.11443/UPI/AXIS/341123641995/,53.72,0,0,0,BottleLab,UPI/BOTTLE LAB TECHNOLOGIES/pinelabs.11443/UPI/AXIS,596.35,3297.1454733995306,-0.16457569263406505,0
user_1,2026-04-13,UPI/SWIGGY BANGALORE/UPIIntent/HDFC/191544033012/,404.09,0,0,0,Swiggy,UPI/SWIGGY BANGALORE/UPIIntent/HDFC,596.35,3297.1454733995306,-0.05831104558506782,0
user_1,2026-04-13,UPI/SWIGGY BANGALORE/UPIIntent/HDFC/598339873032/,627.26,0,0,0,Swiggy,UPI/SWIGGY BANGALORE/UPIIntent/HDFC,596.35,3297.1454733995306,0.009374775923408114,0
user_1,2026-04-13,UPI/THE FROTH HOUSE/cf.thefrothhou/NSDL/678942291802/,308.02,0,0,0,TheFrothHouse,UPI/THE FROTH HOUSE/cf.thefrothhou/NSDL,596.35,3297.1454733995306,-0.0874483708183845,0
user_1,2026-04-15,UPI/BOTTLE LAB TECHNOLOGIES/pinelabs.11443/UPI/AXIS/970921849412/,700.69,0,0,0,BottleLab,UPI/BOTTLE LAB TECHNOLOGIES/pinelabs.11443/UPI/AXIS,596.35,3297.1454733995306,0.03164555547875781,0
user_1,2026-04-15,UPI/Thesmartq1/thesmartq1.pay/UPIIntent/AIRTEL/607917411100/,735.07,0,0,0,Thesmartq1,UPI/Thesmartq1/thesmartq1.pay/UPIIntent/AIRTEL,596.35,3297.1454733995306,0.042072756910228895,0
user_1,2026-04-15,UPI/BOTTLE LAB TECHNOLOGIES/pinelabs.11443/UPI/AXIS/897457063342/,495.68,0,0,0,BottleLab,UPI/BOTTLE LAB TECHNOLOGIES/pinelabs.11443/UPI/AXIS,596.35,3297.1454733995306,-0.030532471439970753,0
user_1,2026-04-19,UPI/ZOMATO LTD/UPIIntent/ICICI/539121325924/,759.63,0,0,0,Zomato,UPI/ZOMATO LTD/UPIIntent/ICICI,596.35,3297.1454733995306,0.04952162448314714,0
user_1,2026-04-19,UPI/CATERING CARE FSS/cateringcare1/HDFC/518402234207/,44.88,0,0,0,CateringCare,UPI/CATERING CARE FSS/cateringcare1/HDFC,596.35,3297.1454733995306,-0.16725679969206983,0
user_1,2026-04-19,UPI/Kamod Kumar/UPI/INDIAN/111554884637/,480.82,0,0,0,KamodKumar,UPI/Kamod Kumar/UPI/INDIAN,596.35,3297.1454733995306,-0.03503940027277065,0
user_1,2026-04-19,UPI/ZOMATO LTD/UPIIntent/ICICI/258624574047/,389.13,0,0,0,Zomato,UPI/ZOMATO LTD/UPIIntent/ICICI,596.35,3297.1454733995306,-0.06284830368322976,0
user_1,2026-04-22,UPI/Kamod Kumar/UPI/INDIAN/256373756185/,752.56,0,0,0,KamodKumar,UPI/Kamod Kumar/UPI/INDIAN,596.35,3297.1454733995306,0.04737734542205054,0
user_1,2026-04-28,UPI/BLINK COMMERCE PVT LTD/UPIIntent/HDFC/253223733807/,723.39,0,0,0,Blinkit,UPI/BLINK COMMERCE PVT LTD/UPIIntent/HDFC,596.35,3297.1454733995306,0.03853029871594202,0
user_1,2026-04-29,UPI/Zomato Order/UPIIntent/ICICI/527480762763/,51.18,0,0,0,Zomato,UPI/Zomato Order/UPIIntent/ICICI,596.35,3297.1454733995306,-0.165346055974261,0
user_1,2026-04-29,UPI/M S ISHAN SHARMA/eazypay.8kvdv4/ICICI/951040395509/,436.87,0,0,0,IshanSharma,UPI/M S ISHAN SHARMA/eazypay.8kvdv4/ICICI,596.35,3297.1454733995306,-0.048369112399389444,0
user_1,2026-05-01,UPI/Kamod Kumar/UPI/INDIAN/127830050805/,964.95,0,0,0,KamodKumar,UPI/Kamod Kumar/UPI/INDIAN,596.35,3297.1454733995306,0.11179367212449805,0
user_1,2026-05-01,UPI/Thesmartq1/thesmartq1.pay/UPIIntent/AIRTEL/486769055107/,103.96,0,0,0,Thesmartq1,UPI/Thesmartq1/thesmartq1.pay/UPIIntent/AIRTEL,596.35,3297.1454733995306,-0.14933826971617362,0
user_1,2026-05-02,UPI/HOTSTAR SUB/UPIIntent/SBI/561002048302/,1251.19,1,1,0,,UPI/HOTSTAR SUB/UPIIntent/SBI,596.35,3297.1454733995306,0.1986081612968158,0
user_1,2026-05-02,UPI/GYMFIT CLUB/UPIIntent/HDFC/450881188412/,48.01,1,1,0,,UPI/GYMFIT CLUB/UPIIntent/HDFC,596.35,3297.1454733995306,-0.16630749368623782,0
user_1,2026-05-02,UPI/MUSICSTREAM PLUS/UPIIntent/AXIS/893246299802/,912.4,1,1,0,,UPI/MUSICSTREAM PLUS/UPIIntent/AXIS,596.35,3297.1454733995306,0.09585564317674336,0
user_1,2026-05-02,UPI/Kamod Kumar/UPI/INDIAN/646017287236/,1103.8,0,0,0,KamodKumar,UPI/Kamod Kumar/UPI/INDIAN,596.35,3297.1454733995306,0.15390585707969756,0
user_1,2026-05-03,UPI/NETFLIX.COM/UPIIntent/HDFC/582087221887/,425.68,1,0,0,,UPI/NETFLIX.COM/UPIIntent/HDFC,596.35,3297.1454733995306,-0.051762957193402286,0
user_1,2026-05-03,UPI/SPOTIFY INDIA/UPIIntent/ICICI/623200257746/,57.43,1,0,0,,UPI/SPOTIFY INDIA/UPIIntent/ICICI,596.35,3297.1454733995306,-0.1634504768891332,0
user_1,2026-05-03,UPI/NEWSDIGITAL SUB/UPIIntent/SBI/752385788085/,671.1,1,1,0,,UPI/NEWSDIGITAL SUB/UPIIntent/SBI,596.35,3297.1454733995306,0.022671125858128673,0
user_1,2026-05-03,UPI/Kamod Kumar/UPI/INDIAN/599512200773/,593.5,0,0,0,KamodKumar,UPI/Kamod Kumar/UPI/INDIAN,596.35,3297.1454733995306,-0.0008643840628182908,0
user_1,2026-05-04,UPI/ANGEL ONE/angelmfcpupa@i/Subscripti/INDUSIND/445153317307/,465.44,1,0,0,,UPI/ANGEL ONE/angelmfcpupa@i/Subscripti/INDUSIND,596.35,3297.1454733995306,-0.03970404128545318,0
user_1,2026-05-04,UPI/AMAZON PRIME/UPIIntent/AXIS/963216086338/,126.85,1,0,0,,UPI/AMAZON PRIME/UPIIntent/AXIS,596.35,3297.1454733995306,-0.1423959008748015,0
user_1,2026-05-04,UPI/CLOUDSTORAGE PRO/UPIIntent/ICICI/380946765515/,1318.44,1,1,0,,UPI/CLOUDSTORAGE PRO/UPIIntent/ICICI,596.35,3297.1454733995306,0.2190045922527911,0
user_1,2026-05-04,UPI/Kamod Kumar/UPI/INDIAN/452319598548/,1044.21,0,0,0,KamodKumar,UPI/Kamod Kumar/UPI/INDIAN,596.35,3297.1454733995306,0.13583264785045496,0
user_1,2026-05-05,UPI/M S ISHAN SHARMA/eazypay.8kvdv4/ICICI/437871445288/,304.6,0,0,0,IshanSharma,UPI/M S ISHAN SHARMA/eazypay.8kvdv4/ICICI,596.35,3297.1454733995306,-0.08848563169376643,0
user_1,2026-05-05,UPI/SWIGGY*BLR123/UPIIntent/HDFC/688086649304/,71.3,0,0,0,Swiggy,UPI/SWIGGY*BLR123/UPIIntent/HDFC,596.35,3297.1454733995306,-0.15924380778341754,0
user_1,2026-05-06,UPI/Bundl Technologies Pvt Ltd/UPIIntent/HDFC/310656733240/,392.73,0,0,0,Swiggy,UPI/Bundl Technologies Pvt Ltd/UPIIntent/HDFC,596.35,3297.1454733995306,-0.06175645013019612,0
user_1,2026-05-06,UPI/CATERING CARE FSS/cateringcare1/HDFC/117496034948/,348.43,0,0,0,CateringCare,UPI/CATERING CARE FSS/cateringcare1/HDFC,596.35,3297.1454733995306,-0.07519231468558209,0
user_1,2026-05-08,UPI/SWIGGY BANGALORE/UPIIntent/HDFC/898563968121/,1127.8,0,0,0,Swiggy,UPI/SWIGGY BANGALORE/UPIIntent/HDFC,596.35,3297.1454733995306,0.16118488076658838,0
user_1,2026-05-08,UPI/M S ISHAN SHARMA/eazypay.8kvdv4/ICICI/726204812686/,264.25,0,0,0,IshanSharma,UPI/M S ISHAN SHARMA/eazypay.8kvdv4/ICICI,596.35,3297.1454733995306,-0.10072349026735161,0
user_1,2026-05-08,UPI/CATERING CARE FSS/cateringcare1/HDFC/494987163527/,909.62,0,0,0,CateringCare,UPI/CATERING CARE FSS/cateringcare1/HDFC,596.35,3297.1454733995306,0.0950124895996785,0
user_1,2026-05-11,UPI/CATERING CARE FSS/cateringcare1/HDFC/531890853967/,860.3,0,0,0,CateringCare,UPI/CATERING CARE FSS/cateringcare1/HDFC,596.35,3297.1454733995306,0.08005409592311788,0
user_1,2026-05-11,UPI/BOTTLE LAB TECHNOLOGIES/pinelabs.11443/UPI/AXIS/840731087980/,392.43,0,0,0,BottleLab,UPI/BOTTLE LAB TECHNOLOGIES/pinelabs.11443/UPI/AXIS,596.35,3297.1454733995306,-0.061847437926282264,0
user_1,2026-05-12,UPI/CATERING CARE FSS/cateringcare1/HDFC/719624962997/,430.69,0,0,0,CateringCare,UPI/CATERING CARE FSS/cateringcare1/HDFC,596.35,3297.1454733995306,-0.05024346099876383,0
user_1,2026-05-14,UPI/M S ISHAN SHARMA/eazypay.8kvdv4/ICICI/661781133342/,342.86,0,0,0,IshanSharma,UPI/M S ISHAN SHARMA/eazypay.8kvdv4/ICICI,596.35,3297.1454733995306,-0.07688165476624799,0
user_1,2026-05-14,UPI/BLINK COMMERCE PVT LTD/UPIIntent/HDFC/654716363393/,903.23,0,0,0,Blinkit,UPI/BLINK COMMERCE PVT LTD/UPIIntent/HDFC,596.35,3297.1454733995306,0.09307444954304384,0
user_1,2026-05-21,UPI/THE FROTH HOUSE/cf.thefrothhou/NSDL/762248496458/,612.72,0,0,0,TheFrothHouse,UPI/THE FROTH HOUSE/cf.thefrothhou/NSDL,596.35,3297.1454733995306,0.004964900739766775,0
user_1,2026-05-21,UPI/M S ISHAN SHARMA/eazypay.8kvdv4/ICICI/286233414084/,65.45,0,0,0,IshanSharma,UPI/M S ISHAN SHARMA/eazypay.8kvdv4/ICICI,596.35,3297.1454733995306,-0.16101806980709715,0
user_1,2026-05-23,UPI/Zomato Order/UPIIntent/ICICI/773588479611/,347.46,0,0,0,Zomato,UPI/Zomato Order/UPIIntent/ICICI,596.35,3297.1454733995306,-0.07548650855959393,0
user_1,2026-05-27,UPI/Thesmartq1/thesmartq1.pay/UPIIntent/AIRTEL/371951316328/,543.16,0,0,0,Thesmartq1,UPI/Thesmartq1/thesmartq1.pay/UPIIntent/AIRTEL,596.35,3297.1454733995306,-0.016132136246071776,0
user_1,2026-05-28,UPI/Kamod Kumar/UPI/INDIAN/262418953634/,788.03,0,0,0,KamodKumar,UPI/Kamod Kumar/UPI/INDIAN,596.35,3297.1454733995306,0.05813513584596793,0
user_1,2026-05-29,UPI/BOTTLE LAB TECHNOLOGIES/pinelabs.11443/UPI/AXIS/946769179496/,671.72,0,0,0,BottleLab,UPI/BOTTLE LAB TECHNOLOGIES/pinelabs.11443/UPI/AXIS,596.35,3297.1454733995306,0.022859167303373354,0
user_1,2026-05-31,UPI/THE FROTH HOUSE/cf.thefrothhou/NSDL/858099045051/,198.06,0,0,0,TheFrothHouse,UPI/THE FROTH HOUSE/cf.thefrothhou/NSDL,596.35,3297.1454733995306,-0.12079843101048922,0
user_1,2026-05-31,UPI/Zomato Order/UPIIntent/ICICI/954693560234/,524.82,0,0,0,Zomato,UPI/Zomato Order/UPIIntent/ICICI,596.35,3297.1454733995306,-0.021694523513470815,0
user_1,2026-05-31,UPI/BOTTLE LAB TECHNOLOGIES/pinelabs.11443/UPI/AXIS/455279599351/,44553.05,0,0,1,BottleLab,UPI/BOTTLE LAB TECHNOLOGIES/pinelabs.11443/UPI/AXIS,596.35,3297.1454733995306,13.331744187398057,1
user_1,2026-06-01,UPI/MUSICSTREAM PLUS/UPIIntent/AXIS/457153179295/,937.51,1,1,0,,UPI/MUSICSTREAM PLUS/UPIIntent/AXIS,596.35,3297.1454733995306,0.10347132170915287,0
user_1,2026-06-02,UPI/NETFLIX.COM/UPIIntent/HDFC/891936834458/,425.68,1,0,0,,UPI/NETFLIX.COM/UPIIntent/HDFC,596.35,3297.1454733995306,-0.051762957193402286,0
user_1,2026-06-02,UPI/SPOTIFY INDIA/UPIIntent/ICICI/226312025346/,57.43,1,0,0,,UPI/SPOTIFY INDIA/UPIIntent/ICICI,596.35,3297.1454733995306,-0.1634504768891332,0
user_1,2026-06-02,UPI/HOTSTAR SUB/UPIIntent/SBI/401064976099/,1343.87,1,1,0,,UPI/HOTSTAR SUB/UPIIntent/SBI,596.35,3297.1454733995306,0.2267173244343591,0
user_1,2026-06-02,UPI/CLOUDSTORAGE PRO/UPIIntent/ICICI/469287212053/,1438.3,1,1,0,,UPI/CLOUDSTORAGE PRO/UPIIntent/ICICI,596.35,3297.1454733995306,0.25535724971573825,1
user_1,2026-06-02,UPI/NEWSDIGITAL SUB/UPIIntent/SBI/518195324280/,671.1,1,1,0,,UPI/NEWSDIGITAL SUB/UPIIntent/SBI,596.35,3297.1454733995306,0.022671125858128673,0
user_1,2026-06-02,UPI/Blinkit/blinkit.payu@h/UPIIntent/HDFC/989716932080/,221.43,0,0,0,Blinkit,UPI/Blinkit/blinkit.payu@h/UPIIntent/HDFC,596.35,3297.1454733995306,-0.1137104816953793,0
user_1,2026-06-02,UPI/THE FROTH HOUSE/cf.thefrothhou/NSDL/564516239702/,1161.27,0,0,0,TheFrothHouse,UPI/THE FROTH HOUSE/cf.thefrothhou/NSDL,596.35,3297.1454733995306,0.17133608588326485,0
user_1,2026-06-02,UPI/BOTTLE LAB TECHNOLOGIES/pinelabs.11443/UPI/AXIS/742566156060/,587.72,0,0,0,BottleLab,UPI/BOTTLE LAB TECHNOLOGIES/pinelabs.11443/UPI/AXIS,596.35,3297.1454733995306,-0.002617415600744486,0
user_1,2026-06-03,UPI/ANGEL ONE/angelmfcpupa@i/Subscripti/INDUSIND/409020556650/,465.44,1,0,0,,UPI/ANGEL ONE/angelmfcpupa@i/Subscripti/INDUSIND,596.35,3297.1454733995306,-0.03970404128545318,0
user_1,2026-06-03,UPI/AMAZON PRIME/UPIIntent/AXIS/755061013989/,126.85,1,0,0,,UPI/AMAZON PRIME/UPIIntent/AXIS,596.35,3297.1454733995306,-0.1423959008748015,0
user_1,2026-06-03,UPI/GYMFIT CLUB/UPIIntent/HDFC/848208918467/,48.01,1,1,0,,UPI/GYMFIT CLUB/UPIIntent/HDFC,596.35,3297.1454733995306,-0.16630749368623782,0
user_1,2026-06-04,UPI/Zomato Order/UPIIntent/ICICI/969848380969/,464.16,0,0,0,Zomato,UPI/Zomato Order/UPIIntent/ICICI,596.35,3297.1454733995306,-0.04009225588208735,0
user_1,2026-06-12,UPI/THE FROTH HOUSE/cf.thefrothhou/NSDL/447042492284/,791.4,0,0,0,TheFrothHouse,UPI/THE FROTH HOUSE/cf.thefrothhou/NSDL,596.35,3297.1454733995306,0.05915723208866885,0
user_1,2026-06-13,UPI/BOTTLE LAB TECHNOLOGIES/pinelabs.11443/UPI/AXIS/961499747001/,1135.29,0,0,0,BottleLab,UPI/BOTTLE LAB TECHNOLOGIES/pinelabs.11443/UPI/AXIS,596.35,3297.1454733995306,0.16345654274220556,0
user_1,2026-06-15,UPI/BOTTLE LAB TECHNOLOGIES/pinelabs.11443/UPI/AXIS/949336482896/,955.83,0,0,0,BottleLab,UPI/BOTTLE LAB TECHNOLOGIES/pinelabs.11443/UPI/AXIS,596.35,3297.1454733995306,0.10902764312347954,0
user_1,2026-06-16,UPI/Kamod Kumar/UPI/INDIAN/817900752549/,284.31,0,0,0,KamodKumar,UPI/Kamod Kumar/UPI/INDIAN,596.35,3297.1454733995306,-0.09463943963572537,0
user_1,2026-06-16,UPI/BLINK COMMERCE PVT LTD/UPIIntent/HDFC/480245009793/,497.23,0,0,0,Blinkit,UPI/BLINK COMMERCE PVT LTD/UPIIntent/HDFC,596.35,3297.1454733995306,-0.03006236782685905,0
user_1,2026-06-19,UPI/THE FROTH HOUSE/cf.thefrothhou/NSDL/677497844878/,317.24,0,0,0,TheFrothHouse,UPI/THE FROTH HOUSE/cf.thefrothhou/NSDL,596.35,3297.1454733995306,-0.08465201255200393,0
user_1,2026-06-20,UPI/CATERING CARE FSS/cateringcare1/HDFC/148316775838/,79.97,0,0,0,CateringCare,UPI/CATERING CARE FSS/cateringcare1/HDFC,596.35,3297.1454733995306,-0.1566142604765282,0
user_1,2026-06-23,UPI/Kamod Kumar/UPI/INDIAN/313692863949/,1130.03,0,0,0,KamodKumar,UPI/Kamod Kumar/UPI/INDIAN,596.35,3297.1454733995306,0.16186122338416198,0
user_1,2026-06-24,UPI/M S ISHAN SHARMA/eazypay.8kvdv4/ICICI/694645426195/,1114.07,0,0,0,IshanSharma,UPI/M S ISHAN SHARMA/eazypay.8kvdv4/ICICI,596.35,3297.1454733995306,0.1570206726323796,0
user_1,2026-06-24,UPI/THE FROTH HOUSE/cf.thefrothhou/NSDL/127749479175/,693.78,0,0,0,TheFrothHouse,UPI/THE FROTH HOUSE/cf.thefrothhou/NSDL,596.35,3297.1454733995306,0.029549803242240474,0
user_1,2026-06-29,UPI/SWIGGY BANGALORE/UPIIntent/HDFC/573598302202/,547.34,0,0,0,Swiggy,UPI/SWIGGY BANGALORE/UPIIntent/HDFC,596.35,3297.1454733995306,-0.014864372953938275,0
user_1,2026-06-30,UPI/BOTTLE LAB TECHNOLOGIES/pinelabs.11443/UPI/AXIS/732210237895/,580.16,0,0,0,BottleLab,UPI/BOTTLE LAB TECHNOLOGIES/pinelabs.11443/UPI/AXIS,596.35,3297.1454733995306,-0.0049103080621151094,0
user_1,2026-07-01,UPI/ANGEL ONE/angelmfcpupa@i/Subscripti/INDUSIND/692215403423/,465.44,1,0,0,,UPI/ANGEL ONE/angelmfcpupa@i/Subscripti/INDUSIND,596.35,3297.1454733995306,-0.03970404128545318,0
user_1,2026-07-01,UPI/AMAZON PRIME/UPIIntent/AXIS/683331542052/,126.85,1,0,0,,UPI/AMAZON PRIME/UPIIntent/AXIS,596.35,3297.1454733995306,-0.1423959008748015,0
user_1,2026-07-01,UPI/CLOUDSTORAGE PRO/UPIIntent/ICICI/227649610641/,1438.3,1,1,0,,UPI/CLOUDSTORAGE PRO/UPIIntent/ICICI,596.35,3297.1454733995306,0.25535724971573825,1
user_1,2026-07-01,UPI/Thesmartq1/thesmartq1.pay/UPIIntent/AIRTEL/399723069606/,238.93,0,0,0,Thesmartq1,UPI/Thesmartq1/thesmartq1.pay/UPIIntent/AIRTEL,596.35,3297.1454733995306,-0.10840286025702141,0
user_1,2026-07-02,UPI/NETFLIX.COM/UPIIntent/HDFC/154266838092/,425.68,1,0,0,,UPI/NETFLIX.COM/UPIIntent/HDFC,596.35,3297.1454733995306,-0.051762957193402286,0
user_1,2026-07-02,UPI/HOTSTAR SUB/UPIIntent/SBI/329626689260/,1343.87,1,1,0,,UPI/HOTSTAR SUB/UPIIntent/SBI,596.35,3297.1454733995306,0.2267173244343591,0
user_1,2026-07-02,UPI/MUSICSTREAM PLUS/UPIIntent/AXIS/869122295858/,962.62,1,1,0,,UPI/MUSICSTREAM PLUS/UPIIntent/AXIS,596.35,3297.1454733995306,0.11108700024156239,0
user_1,2026-07-02,UPI/NEWSDIGITAL SUB/UPIIntent/SBI/722425986788/,671.1,1,1,0,,UPI/NEWSDIGITAL SUB/UPIIntent/SBI,596.35,3297.1454733995306,0.022671125858128673,0
user_1,2026-07-03,UPI/SPOTIFY INDIA/UPIIntent/ICICI/532631326379/,57.43,1,0,0,,UPI/SPOTIFY INDIA/UPIIntent/ICICI,596.35,3297.1454733995306,-0.1634504768891332,0
user_1,2026-07-03,UPI/GYMFIT CLUB/UPIIntent/HDFC/270883268695/,48.01,1,1,0,,UPI/GYMFIT CLUB/UPIIntent/HDFC,596.35,3297.1454733995306,-0.16630749368623782,0
user_1,2026-07-03,UPI/Kamod Kumar/UPI/INDIAN/479099364652/,690.57,0,0,0,KamodKumar,UPI/Kamod Kumar/UPI/INDIAN,596.35,3297.1454733995306,0.028576233824118853,0
user_1,2026-07-03,UPI/THE FROTH HOUSE/cf.thefrothhou/NSDL/475870645275/,832.66,0,0,0,TheFrothHouse,UPI/THE FROTH HOUSE/cf.thefrothhou/NSDL,596.35,3297.1454733995306,0.07167108697704863,0
user_1,2026-07-04,UPI/Bundl Technologies Pvt Ltd/UPIIntent/HDFC/267688593073/,613.68,0,0,0,Swiggy,UPI/Bundl Technologies Pvt Ltd/UPIIntent/HDFC,596.35,3297.1454733995306,0.005256061687242385,0
user_1,2026-07-05,UPI/BLINK COMMERCE PVT LTD/UPIIntent/HDFC/964752142929/,121.01,0,0,0,Blinkit,UPI/BLINK COMMERCE PVT LTD/UPIIntent/HDFC,596.35,3297.1454733995306,-0.14416712997194495,0
user_1,2026-07-06,UPI/Thesmartq1/thesmartq1.pay/UPIIntent/AIRTEL/467432524527/,641.52,0,0,0,Thesmartq1,UPI/Thesmartq1/thesmartq1.pay/UPIIntent/AIRTEL,596.35,3297.1454733995306,0.013699729164035735,0
user_1,2026-07-07,UPI/CATERING CARE FSS/cateringcare1/HDFC/470262358016/,527.73,0,0,0,CateringCare,UPI/CATERING CARE FSS/cateringcare1/HDFC,596.35,3297.1454733995306,-0.02081194189143531,0
user_1,2026-07-07,UPI/Bundl Technologies Pvt Ltd/UPIIntent/HDFC/476809664834/,628.2,0,0,0,Swiggy,UPI/Bundl Technologies Pvt Ltd/UPIIntent/HDFC,596.35,3297.1454733995306,0.009659871017811354,0
user_1,2026-07-07,UPI/BLINK COMMERCE PVT LTD/UPIIntent/HDFC/218636437788/,953.46,0,0,0,Blinkit,UPI/BLINK COMMERCE PVT LTD/UPIIntent/HDFC,596.35,3297.1454733995306,0.10830883953439907,0
user_1,2026-07-10,UPI/Thesmartq1/thesmartq1.pay/UPIIntent/AIRTEL/713152721112/,243.58,0,0,0,Thesmartq1,UPI/Thesmartq1/thesmartq1.pay/UPIIntent/AIRTEL,596.35,3297.1454733995306,-0.10699254941768631,0
user_1,2026-07-11,UPI/CATERING CARE FSS/cateringcare1/HDFC/876342213992/,245.75,0,0,0,CateringCare,UPI/CATERING CARE FSS/cateringcare1/HDFC,596.35,3297.1454733995306,-0.10633440435932993,0
user_1,2026-07-12,UPI/Kamod Kumar/UPI/INDIAN/718433911361/,145.54,0,0,0,KamodKumar,UPI/Kamod Kumar/UPI/INDIAN,596.35,3297.1454733995306,-0.1367273611786353,0
user_1,2026-07-17,UPI/Kamod Kumar/UPI/INDIAN/651622775693/,359.16,0,0,0,KamodKumar,UPI/Kamod Kumar/UPI/INDIAN,596.35,3297.1454733995306,-0.07193798451223464,0
user_1,2026-07-18,UPI/BLINK COMMERCE PVT LTD/UPIIntent/HDFC/542138111044/,528.65,0,0,0,Blinkit,UPI/BLINK COMMERCE PVT LTD/UPIIntent/HDFC,596.35,3297.1454733995306,-0.02053291265010451,0
user_1,2026-07-19,UPI/BOTTLE LAB TECHNOLOGIES/pinelabs.11443/UPI/AXIS/607118586151/,317.73,0,0,0,BottleLab,UPI/BOTTLE LAB TECHNOLOGIES/pinelabs.11443/UPI/AXIS,596.35,3297.1454733995306,-0.08450339915172991,0
user_1,2026-07-23,UPI/BLINK COMMERCE PVT LTD/UPIIntent/HDFC/870726075323/,283.03,0,0,0,Blinkit,UPI/BLINK COMMERCE PVT LTD/UPIIntent/HDFC,596.35,3297.1454733995306,-0.09502765423235955,0
user_1,2026-07-24,UPI/SWIGGY*BLR123/UPIIntent/HDFC/198153144754/,438.24,0,0,0,Swiggy,UPI/SWIGGY*BLR123/UPIIntent/HDFC,596.35,3297.1454733995306,-0.04795360146392943,0
user_1,2026-07-24,UPI/Kamod Kumar/UPI/INDIAN/222263575518/,826.36,0,0,0,KamodKumar,UPI/Kamod Kumar/UPI/INDIAN,596.35,3297.1454733995306,0.06976034325923981,0
user_1,2026-07-28,UPI/Thesmartq1/thesmartq1.pay/UPIIntent/AIRTEL/170640840564/,283.72,0,0,0,Thesmartq1,UPI/Thesmartq1/thesmartq1.pay/UPIIntent/AIRTEL,596.35,3297.1454733995306,-0.09481838230136143,0
user_1,2026-07-28,UPI/Kamod Kumar/UPI/INDIAN/959387810965/,549.13,0,0,0,KamodKumar,UPI/Kamod Kumar/UPI/INDIAN,596.35,3297.1454733995306,-0.014321479103957679,0
user_1,2026-07-30,UPI/CATERING CARE FSS/cateringcare1/HDFC/787549517065/,1168.88,0,0,0,CateringCare,UPI/CATERING CARE FSS/cateringcare1/HDFC,596.35,3297.1454733995306,0.17364414297731653,0
user_2,2026-02-01,UPI/SPOTIFY INDIA/UPIIntent/ICICI/646827958958/,431.7,1,0,0,,UPI/SPOTIFY INDIA/UPIIntent/ICICI,664.22,4400.940757608199,-0.052834158150851546,0
user_2,2026-02-01,UPI/HOTSTAR SUB/UPIIntent/SBI/607734726949/,387.52,1,1,0,,UPI/HOTSTAR SUB/UPIIntent/SBI,664.22,4400.940757608199,-0.06287292086848711,0
user_2,2026-02-01,UPI/CLOUDSTORAGE PRO/UPIIntent/ICICI/353778138363/,1142.57,1,1,0,,UPI/CLOUDSTORAGE PRO/UPIIntent/ICICI,664.22,4400.940757608199,0.108692669669103,0
user_2,2026-02-01,UPI/M S ISHAN SHARMA/eazypay.8kvdv4/ICICI/643351699418/,679.48,0,0,0,IshanSharma,UPI/M S ISHAN SHARMA/eazypay.8kvdv4/ICICI,664.22,4400.940757608199,0.0034674404497763377,0
user_2,2026-02-01,UPI/BOTTLE LAB TECHNOLOGIES/pinelabs.11443/UPI/AXIS/948111146296/,262.51,0,0,0,BottleLab,UPI/BOTTLE LAB TECHNOLOGIES/pinelabs.11443/UPI/AXIS,664.22,4400.940757608199,-0.09127821121098648,0
user_2,2026-02-01,UPI/SWIGGY*BLR123/UPIIntent/HDFC/974757378998/,536.83,0,0,0,Swiggy,UPI/SWIGGY*BLR123/UPIIntent/HDFC,664.22,4400.940757608199,-0.028946083807143374,0
user_2,2026-02-02,UPI/AMAZON PRIME/UPIIntent/AXIS/403163944331/,664.61,1,0,0,,UPI/AMAZON PRIME/UPIIntent/AXIS,664.22,4400.940757608199,8.861741647527688e-05,0
user_2,2026-02-02,UPI/MUSICSTREAM PLUS/UPIIntent/AXIS/514539588716/,862.57,1,1,0,,UPI/MUSICSTREAM PLUS/UPIIntent/AXIS,664.22,4400.940757608199,0.04506990912274817,0
user_2,2026-02-02,UPI/NEWSDIGITAL SUB/UPIIntent/SBI/345773922307/,98.28,1,1,0,,UPI/NEWSDIGITAL SUB/UPIIntent/SBI,664.22,4400.940757608199,-0.1285952325128717,0
user_2,2026-02-03,UPI/NETFLIX.COM/UPIIntent/HDFC/796959529002/,994.52,1,0,0,,UPI/NETFLIX.COM/UPIIntent/HDFC,664.22,4400.940757608199,0.07505213503021788,0
user_2,2026-02-03,UPI/ANGEL ONE/angelmfcpupa@i/Subscripti/INDUSIND/862455264370/,405.39,1,0,0,,UPI/ANGEL ONE/angelmfcpupa@i/Subscripti/INDUSIND,664.22,4400.940757608199,-0.05881242540076082,0
user_2,2026-02-03,UPI/GYMFIT CLUB/UPIIntent/HDFC/862694586863/,972.52,1,1,0,,UPI/GYMFIT CLUB/UPIIntent/HDFC,664.22,4400.940757608199,0.07005320384443285,0
user_2,2026-02-03,UPI/ZOMATO LTD/UPIIntent/ICICI/454011586625/,608.08,0,0,0,Zomato,UPI/ZOMATO LTD/UPIIntent/ICICI,664.22,4400.940757608199,-0.012756363489544146,0
user_2,2026-02-04,UPI/Thesmartq1/thesmartq1.pay/UPIIntent/AIRTEL/245839815407/,498.07,0,0,0,Thesmartq1,UPI/Thesmartq1/thesmartq1.pay/UPIIntent/AIRTEL,664.22,4400.940757608199,-0.037753291659917365,0
user_2,2026-02-07,UPI/M S ISHAN SHARMA/eazypay.8kvdv4/ICICI/801437552130/,76.28,0,0,0,IshanSharma,UPI/M S ISHAN SHARMA/eazypay.8kvdv4/ICICI,664.22,4400.940757608199,-0.1335941636986567,0
user_2,2026-02-09,UPI/Kamod Kumar/UPI/INDIAN/452264224996/,401.23,0,0,0,KamodKumar,UPI/Kamod Kumar/UPI/INDIAN,664.22,4400.940757608199,-0.0597576778431638,0
user_2,2026-02-09,UPI/BLINK COMMERCE PVT LTD/UPIIntent/HDFC/610423644175/,107.2,0,0,0,Blinkit,UPI/BLINK COMMERCE PVT LTD/UPIIntent/HDFC,664.22,4400.940757608199,-0.12656839314118065,0
user_2,2026-02-10,UPI/THE FROTH HOUSE/cf.thefrothhou/NSDL/978542438272/,720.27,0,0,0,TheFrothHouse,UPI/THE FROTH HOUSE/cf.thefrothhou/NSDL,664.22,4400.940757608199,0.012735913316511381,0
user_2,2026-02-12,UPI/CATERING CARE FSS/cateringcare1/HDFC/873264982007/,1105.99,0,0,0,CateringCare,UPI/CATERING CARE FSS/cateringcare1/HDFC,664.22,4400.940757608199,0.10038081045201137,0
user_2,2026-02-15,UPI/BOTTLE LAB TECHNOLOGIES/pinelabs.11443/UPI/AXIS/149864245008/,1034.53,0,0,0,BottleLab,UPI/BOTTLE LAB TECHNOLOGIES/pinelabs.11443/UPI/AXIS,664.22,4400.940757608199,0.08414337306400237,0
user_2,2026-02-16,UPI/Thesmartq1/thesmartq1.pay/UPIIntent/AIRTEL/892169953826/,208.76,0,0,0,Thesmartq1,UPI/Thesmartq1/thesmartq1.pay/UPIIntent/AIRTEL,664.22,4400.940757608199,-0.10349150899443851,0
user_2,2026-02-16,UPI/M S ISHAN SHARMA/eazypay.8kvdv4/ICICI/912299563852/,260.45,0,0,0,IshanSharma,UPI/M S ISHAN SHARMA/eazypay.8kvdv4/ICICI,664.22,4400.940757608199,-0.09174629294929179,0
user_2,2026-02-20,UPI/BOTTLE LAB TECHNOLOGIES/pinelabs.11443/UPI/AXIS/449631154510/,385.34,0,0,0,BottleLab,UPI/BOTTLE LAB TECHNOLOGIES/pinelabs.11443/UPI/AXIS,664.22,4400.940757608199,-0.06336826950416945,0
user_2,2026-02-20,UPI/SWIGGY*BLR123/UPIIntent/HDFC/672339789666/,553.25,0,0,0,Swiggy,UPI/SWIGGY*BLR123/UPIIntent/HDFC,664.22,4400.940757608199,-0.025215063349389288,0
user_2,2026-02-21,UPI/THE FROTH HOUSE/cf.thefrothhou/NSDL/726224116175/,229.02,0,0,0,TheFrothHouse,UPI/THE FROTH HOUSE/cf.thefrothhou/NSDL,664.22,4400.940757608199,-0.09888794782062013,0
user_2,2026-02-22,UPI/THE FROTH HOUSE/cf.thefrothhou/NSDL/702090182864/,803.9,0,0,0,TheFrothHouse,UPI/THE FROTH HOUSE/cf.thefrothhou/NSDL,664.22,4400.940757608199,0.031738668546838725,0
user_2,2026-02-24,UPI/ZOMATO LTD/UPIIntent/ICICI/306625873387/,737.61,0,0,0,Zomato,UPI/ZOMATO LTD/UPIIntent/ICICI,664.22,4400.940757608199,0.016675979987489223,0
user_2,2026-02-26,UPI/THE FROTH HOUSE/cf.thefrothhou/NSDL/549733366575/,837.75,0,0,0,TheFrothHouse,UPI/THE FROTH HOUSE/cf.thefrothhou/NSDL,664.22,4400.940757608199,0.03943020584860341,0
user_2,2026-03-02,UPI/THE FROTH HOUSE/cf.thefrothhou/NSDL/489338153491/,405.0,0,0,0,TheFrothHouse,UPI/THE FROTH HOUSE/cf.thefrothhou/NSDL,664.22,4400.940757608199,-0.0589010428172361,0
user_2,2026-03-02,UPI/M S ISHAN SHARMA/eazypay.8kvdv4/ICICI/362264099136/,615.31,0,0,0,IshanSharma,UPI/M S ISHAN SHARMA/eazypay.8kvdv4/ICICI,664.22,4400.940757608199,-0.01111353292257936,0
user_2,2026-03-02,UPI/BOTTLE LAB TECHNOLOGIES/pinelabs.11443/UPI/AXIS/840933223284/,999.08,0,0,0,BottleLab,UPI/BOTTLE LAB TECHNOLOGIES/pinelabs.11443/UPI/AXIS,664.22,4400.940757608199,0.07608827713054424,0
user_2,2026-03-03,UPI/SPOTIFY INDIA/UPIIntent/ICICI/154573700644/,431.7,1,0,0,,UPI/SPOTIFY INDIA/UPIIntent/ICICI,664.22,4400.940757608199,-0.052834158150851546,0
user_2,2026-03-03,UPI/NEWSDIGITAL SUB/UPIIntent/SBI/368578250487/,98.28,1,1,0,,UPI/NEWSDIGITAL SUB/UPIIntent/SBI,664.22,4400.940757608199,-0.1285952325128717,0
user_2,2026-03-03,UPI/Thesmartq1/thesmartq1.pay/UPIIntent/AIRTEL/218339021376/,656.32,0,0,0,Thesmartq1,UPI/Thesmartq1/thesmartq1.pay/UPIIntent/AIRTEL,664.22,4400.940757608199,-0.0017950707439864353,0
user_2,2026-03-03,UPI/M S ISHAN SHARMA/eazypay.8kvdv4/ICICI/473572886349/,537.97,0,0,0,IshanSharma,UPI/M S ISHAN SHARMA/eazypay.8kvdv4/ICICI,664.22,4400.940757608199,-0.028687048282061787,0
user_2,2026-03-04,UPI/NETFLIX.COM/UPIIntent/HDFC/961947513029/,994.52,1,0,0,,UPI/NETFLIX.COM/UPIIntent/HDFC,664.22,4400.940757608199,0.07505213503021788,0
user_2,2026-03-04,UPI/HOTSTAR SUB/UPIIntent/SBI/773997034981/,387.52,1,1,0,,UPI/HOTSTAR SUB/UPIIntent/SBI,664.22,4400.940757608199,-0.06287292086848711,0
user_2,2026-03-04,UPI/CLOUDSTORAGE PRO/UPIIntent/ICICI/283249948923/,1142.57,1,1,0,,UPI/CLOUDSTORAGE PRO/UPIIntent/ICICI,664.22,4400.940757608199,0.108692669669103,0
user_2,2026-03-04,UPI/MUSICSTREAM PLUS/UPIIntent/AXIS/324013315883/,888.45,1,1,0,,UPI/MUSICSTREAM PLUS/UPIIntent/AXIS,664.22,4400.940757608199,0.050950469990389824,0
user_2,2026-03-04,UPI/Thesmartq1/thesmartq1.pay/UPIIntent/AIRTEL/415753985391/,467.44,0,0,0,Thesmartq1,UPI/Thesmartq1/thesmartq1.pay/UPIIntent/AIRTEL,664.22,4400.940757608199,-0.04471316721539897,0
user_2,2026-03-05,UPI/ANGEL ONE/angelmfcpupa@i/Subscripti/INDUSIND/914558814751/,405.39,1,0,0,,UPI/ANGEL ONE/angelmfcpupa@i/Subscripti/INDUSIND,664.22,4400.940757608199,-0.05881242540076082,0
user_2,2026-03-05,UPI/AMAZON PRIME/UPIIntent/AXIS/962211002863/,664.61,1,0,0,,UPI/AMAZON PRIME/UPIIntent/AXIS,664.22,4400.940757608199,8.861741647527688e-05,0
user_2,2026-03-05,UPI/GYMFIT CLUB/UPIIntent/HDFC/743339450340/,972.52,1,1,0,,UPI/GYMFIT CLUB/UPIIntent/HDFC,664.22,4400.940757608199,0.07005320384443285,0
user_2,2026-03-05,UPI/THE FROTH HOUSE/cf.thefrothhou/NSDL/848271022271/,971.09,0,0,0,TheFrothHouse,UPI/THE FROTH HOUSE/cf.thefrothhou/NSDL,664.22,4400.940757608199,0.06972827331735684,0
user_2,2026-03-06,UPI/Thesmartq1/thesmartq1.pay/UPIIntent/AIRTEL/858614723061/,1031.8,0,0,0,Thesmartq1,UPI/Thesmartq1/thesmartq1.pay/UPIIntent/AIRTEL,664.22,4400.940757608199,0.0835230511486754,0
user_2,2026-03-09,UPI/THE FROTH HOUSE/cf.thefrothhou/NSDL/894107969508/,365.17,0,0,0,TheFrothHouse,UPI/THE FROTH HOUSE/cf.thefrothhou/NSDL,664.22,4400.940757608199,-0.06795138050495507,0
user_2,2026-03-11,UPI/THE FROTH HOUSE/cf.thefrothhou/NSDL/627483438516/,206.72,0,0,0,TheFrothHouse,UPI/THE FROTH HOUSE/cf.thefrothhou/NSDL,664.22,4400.940757608199,-0.10395504624984767,0
user_2,2026-03-12,UPI/THE FROTH HOUSE/cf.thefrothhou/NSDL/948873170150/,315.36,0,0,0,TheFrothHouse,UPI/THE FROTH HOUSE/cf.thefrothhou/NSDL,664.22,4400.940757608199,-0.07926941515786198,0
user_2,2026-03-14,UPI/BLINK COMMERCE PVT LTD/UPIIntent/HDFC/850043099878/,1007.34,0,0,0,Blinkit,UPI/BLINK COMMERCE PVT LTD/UPIIntent/HDFC,664.22,4400.940757608199,0.07796514856666172,0
user_2,2026-03-16,UPI/Thesmartq1/thesmartq1.pay/UPIIntent/AIRTEL/421488087817/,489.48,0,0,0,Thesmartq1,UPI/Thesmartq1/thesmartq1.pay/UPIIntent/AIRTEL,664.22,4400.940757608199,-0.039705147063821604,0
user_2,2026-03-16,UPI/BOTTLE LAB TECHNOLOGIES/pinelabs.11443/UPI/AXIS/387797941060/,1151.2,0,0,0,BottleLab,UPI/BOTTLE LAB TECHNOLOGIES/pinelabs.11443/UPI/AXIS,664.22,4400.940757608199,0.1106536140387996,0
user_2,2026-03-17,UPI/THE FROTH HOUSE/cf.thefrothhou/NSDL/296175448353/,130.67,0,0,0,TheFrothHouse,UPI/THE FROTH HOUSE/cf.thefrothhou/NSDL,664.22,4400.940757608199,-0.12123544246252728,0
user_2,2026-03-17,UPI/Zomato Order/UPIIntent/ICICI/620868672807/,849.67,0,0,0,Zomato,UPI/Zomato Order/UPIIntent/ICICI,664.22,4400.940757608199,0.04213871765471966,0
user_2,2026-03-17,UPI/M S ISHAN SHARMA/eazypay.8kvdv4/ICICI/235912587580/,718.33,0,0,0,IshanSharma,UPI/M S ISHAN SHARMA/eazypay.8kvdv4/ICICI,664.22,4400.940757608199,0.012295098475583079,0
user_2,2026-03-21,UPI/M S ISHAN SHARMA/eazypay.8kvdv4/ICICI/914363461100/,620.63,0,0,0,IshanSharma,UPI/M S ISHAN SHARMA/eazypay.8kvdv4/ICICI,664.22,4400.940757608199,-0.009904700472198607,0
user_2,2026-03-22,UPI/Bundl Technologies Pvt Ltd/UPIIntent/HDFC/750419659842/,718.6,0,0,0,Swiggy,UPI/Bundl Technologies Pvt Ltd/UPIIntent/HDFC,664.22,4400.940757608199,0.012356448994681345,0
user_2,2026-03-24,UPI/Thesmartq1/thesmartq1.pay/UPIIntent/AIRTEL/302312178766/,55.31,0,0,0,Thesmartq1,UPI/Thesmartq1/thesmartq1.pay/UPIIntent/AIRTEL,664.22,4400.940757608199,-0.13835905401528908,0
user_2,2026-03-25,UPI/M S ISHAN SHARMA/eazypay.8kvdv4/ICICI/785638804317/,758.3,0,0,0,IshanSharma,UPI/M S ISHAN SHARMA/eazypay.8kvdv4/ICICI,664.22,4400.940757608199,0.021377247543575215,0
user_2,2026-03-25,UPI/ZOMATO LTD/UPIIntent/ICICI/676199059362/,1035.49,0,0,0,Zomato,UPI/ZOMATO LTD/UPIIntent/ICICI,664.22,4400.940757608199,0.08436150824301845,0
user_2,2026-03-27,UPI/Kamod Kumar/UPI/INDIAN/123743020947/,933.63,0,0,0,KamodKumar,UPI/Kamod Kumar/UPI/INDIAN,664.22,4400.940757608199,0.061216456852833785,0
user_2,2026-03-29,UPI/M S ISHAN SHARMA/eazypay.8kvdv4/ICICI/396383758633/,473.36,0,0,0,IshanSharma,UPI/M S ISHAN SHARMA/eazypay.8kvdv4/ICICI,664.22,4400.940757608199,-0.04336800027813317,0
user_2,2026-03-30,UPI/THE FROTH HOUSE/cf.thefrothhou/NSDL/440478727556/,1033.94,0,0,0,TheFrothHouse,UPI/THE FROTH HOUSE/cf.thefrothhou/NSDL,664.22,4400.940757608199,0.08400931081856543,0
user_2,2026-04-01,UPI/BLINK COMMERCE PVT LTD/UPIIntent/HDFC/146228591174/,1023.01,0,0,0,Blinkit,UPI/BLINK COMMERCE PVT LTD/UPIIntent/HDFC,664.22,4400.940757608199,0.08152575091580949,0
user_2,2026-04-02,UPI/ANGEL ONE/angelmfcpupa@i/Subscripti/INDUSIND/280790460861/,405.39,1,0,0,,UPI/ANGEL ONE/angelmfcpupa@i/Subscripti/INDUSIND,664.22,4400.940757608199,-0.05881242540076082,0
user_2,2026-04-02,UPI/CLOUDSTORAGE PRO/UPIIntent/ICICI/569955992778/,1256.83,1,1,0,,UPI/CLOUDSTORAGE PRO/UPIIntent/ICICI,664.22,4400.940757608199,0.13465530045491195,0
user_2,2026-04-03,UPI/HOTSTAR SUB/UPIIntent/SBI/528035457262/,418.52,1,1,0,,UPI/HOTSTAR SUB/UPIIntent/SBI,664.22,4400.940757608199,-0.0558289723794264,0
user_2,2026-04-03,UPI/GYMFIT CLUB/UPIIntent/HDFC/378825997841/,972.52,1,1,0,,UPI/GYMFIT CLUB/UPIIntent/HDFC,664.22,4400.940757608199,0.07005320384443285,0
user_2,2026-04-03,UPI/CATERING CARE FSS/cateringcare1/HDFC/282992089938/,955.17,0,0,0,CateringCare,UPI/CATERING CARE FSS/cateringcare1/HDFC,664.22,4400.940757608199,0.06611086493200694,0
user_2,2026-04-04,UPI/NETFLIX.COM/UPIIntent/HDFC/254548001039/,994.52,1,0,0,,UPI/NETFLIX.COM/UPIIntent/HDFC,664.22,4400.940757608199,0.07505213503021788,0
user_2,2026-04-04,UPI/SPOTIFY INDIA/UPIIntent/ICICI/825658220176/,431.7,1,0,0,,UPI/SPOTIFY INDIA/UPIIntent/ICICI,664.22,4400.940757608199,-0.052834158150851546,0
user_2,2026-04-04,UPI/AMAZON PRIME/UPIIntent/AXIS/730494917573/,664.61,1,0,0,,UPI/AMAZON PRIME/UPIIntent/AXIS,664.22,4400.940757608199,8.861741647527688e-05,0
user_2,2026-04-04,UPI/MUSICSTREAM PLUS/UPIIntent/AXIS/428032489783/,914.32,1,1,0,,UPI/MUSICSTREAM PLUS/UPIIntent/AXIS,664.22,4400.940757608199,0.056828758616583396,0
user_2,2026-04-04,UPI/NEWSDIGITAL SUB/UPIIntent/SBI/931414165835/,98.28,1,1,0,,UPI/NEWSDIGITAL SUB/UPIIntent/SBI,664.22,4400.940757608199,-0.1285952325128717,0
user_2,2026-04-07,UPI/BOTTLE LAB TECHNOLOGIES/pinelabs.11443/UPI/AXIS/134579678744/,1129.89,0,0,0,BottleLab,UPI/BOTTLE LAB TECHNOLOGIES/pinelabs.11443/UPI/AXIS,664.22,4400.940757608199,0.1058114675129324,0
user_2,2026-04-10,UPI/THE FROTH HOUSE/cf.thefrothhou/NSDL/830235385825/,496.56,0,0,0,TheFrothHouse,UPI/THE FROTH HOUSE/cf.thefrothhou/NSDL,664.22,4400.940757608199,-0.03809640011857806,0
user_2,2026-04-12,UPI/THE FROTH HOUSE/cf.thefrothhou/NSDL/237335121951/,247.78,0,0,0,TheFrothHouse,UPI/THE FROTH HOUSE/cf.thefrothhou/NSDL,664.22,4400.940757608199,-0.09462522286401436,0
user_2,2026-04-15,UPI/Bundl Technologies Pvt Ltd/UPIIntent/HDFC/383595051380/,324.27,0,0,0,Swiggy,UPI/Bundl Technologies Pvt Ltd/UPIIntent/HDFC,664.22,4400.940757608199,-0.07724484802761906,0
user_2,2026-04-20,UPI/ZOMATO LTD/UPIIntent/ICICI/537154700695/,74.1,0,0,0,Zomato,UPI/ZOMATO LTD/UPIIntent/ICICI,664.22,4400.940757608199,-0.13408951233433902,0
user_2,2026-04-20,UPI/Blinkit/blinkit.payu@h/UPIIntent/HDFC/175485500684/,576.22,0,0,0,Blinkit,UPI/Blinkit/blinkit.payu@h/UPIIntent/HDFC,664.22,4400.940757608199,-0.019995724743140098,0
user_2,2026-04-21,UPI/Blinkit/blinkit.payu@h/UPIIntent/HDFC/536502895377/,221.14,0,0,0,Blinkit,UPI/Blinkit/blinkit.payu@h/UPIIntent/HDFC,664.22,4400.940757608199,-0.1006784740817104,0
user_2,2026-04-21,UPI/M S ISHAN SHARMA/eazypay.8kvdv4/ICICI/500187563873/,663.26,0,0,0,IshanSharma,UPI/M S ISHAN SHARMA/eazypay.8kvdv4/ICICI,664.22,4400.940757608199,-0.00021813517901608207,0
user_2,2026-04-22,UPI/Kamod Kumar/UPI/INDIAN/944717449979/,807.47,0,0,0,KamodKumar,UPI/Kamod Kumar/UPI/INDIAN,664.22,4400.940757608199,0.03254985874380476,0
user_2,2026-04-24,UPI/Thesmartq1/thesmartq1.pay/UPIIntent/AIRTEL/871276112205/,51.19,0,0,0,Thesmartq1,UPI/Thesmartq1/thesmartq1.pay/UPIIntent/AIRTEL,664.22,4400.940757608199,-0.1392952174918997,0
user_2,2026-04-24,UPI/Thesmartq1/thesmartq1.pay/UPIIntent/AIRTEL/786756055732/,1029.3,0,0,0,Thesmartq1,UPI/Thesmartq1/thesmartq1.pay/UPIIntent/AIRTEL,664.22,4400.940757608199,0.08295499078665437,0
user_2,2026-04-24,UPI/Zomato Order/UPIIntent/ICICI/898639633853/,1194.52,0,0,0,Zomato,UPI/Zomato Order/UPIIntent/ICICI,664.22,4400.940757608199,0.12049696399189992,0
user_2,2026-04-26,UPI/Thesmartq1/thesmartq1.pay/UPIIntent/AIRTEL/439536573068/,1196.57,0,0,0,Thesmartq1,UPI/Thesmartq1/thesmartq1.pay/UPIIntent/AIRTEL,664.22,4400.940757608199,0.12096277348875716,0
user_2,2026-05-01,UPI/Thesmartq1/thesmartq1.pay/UPIIntent/AIRTEL/638604574845/,694.31,0,0,0,Thesmartq1,UPI/Thesmartq1/thesmartq1.pay/UPIIntent/AIRTEL,664.22,4400.940757608199,0.006837174517285044,0
user_2,2026-05-02,UPI/HOTSTAR SUB/UPIIntent/SBI/641039643163/,418.52,1,1,0,,UPI/HOTSTAR SUB/UPIIntent/SBI,664.22,4400.940757608199,-0.0558289723794264,0
user_2,2026-05-02,UPI/GYMFIT CLUB/UPIIntent/HDFC/524334304868/,1021.15,1,1,0,,UPI/GYMFIT CLUB/UPIIntent/HDFC,664.22,4400.940757608199,0.08110311400646585,0
user_2,2026-05-03,UPI/NETFLIX.COM/UPIIntent/HDFC/550503430146/,994.52,1,0,0,,UPI/NETFLIX.COM/UPIIntent/HDFC,664.22,4400.940757608199,0.07505213503021788,0
user_2,2026-05-03,UPI/SPOTIFY INDIA/UPIIntent/ICICI/187630465885/,431.7,1,0,0,,UPI/SPOTIFY INDIA/UPIIntent/ICICI,664.22,4400.940757608199,-0.052834158150851546,0
user_2,2026-05-03,UPI/CLOUDSTORAGE PRO/UPIIntent/ICICI/372263964160/,1256.83,1,1,0,,UPI/CLOUDSTORAGE PRO/UPIIntent/ICICI,664.22,4400.940757608199,0.13465530045491195,0
user_2,2026-05-03,UPI/NEWSDIGITAL SUB/UPIIntent/SBI/380079671098/,110.07,1,1,0,,UPI/NEWSDIGITAL SUB/UPIIntent/SBI,664.22,4400.940757608199,-0.12591625984558052,0
user_2,2026-05-03,UPI/Zomato Order/UPIIntent/ICICI/722561202840/,473.82,0,0,0,Zomato,UPI/Zomato Order/UPIIntent/ICICI,664.22,4400.940757608199,-0.04326347717152131,0
user_2,2026-05-04,UPI/ANGEL ONE/angelmfcpupa@i/Subscripti/INDUSIND/211503129821/,405.39,1,0,0,,UPI/ANGEL ONE/angelmfcpupa@i/Subscripti/INDUSIND,664.22,4400.940757608199,-0.05881242540076082,0
user_2,2026-05-04,UPI/AMAZON PRIME/UPIIntent/AXIS/543558585810/,664.61,1,0,0,,UPI/AMAZON PRIME/UPIIntent/AXIS,664.22,4400.940757608199,8.861741647527688e-05,0
user_2,2026-05-04,UPI/MUSICSTREAM PLUS/UPIIntent/AXIS/147715319173/,940.2,1,1,0,,UPI/MUSICSTREAM PLUS/UPIIntent/AXIS,664.22,4400.940757608199,0.06270931948422505,0
user_2,2026-05-04,UPI/THE FROTH HOUSE/cf.thefrothhou/NSDL/168317251296/,529.66,0,0,0,TheFrothHouse,UPI/THE FROTH HOUSE/cf.thefrothhou/NSDL,664.22,4400.940757608199,-0.03057528092541969,0
user_2,2026-05-06,UPI/THE FROTH HOUSE/cf.thefrothhou/NSDL/791472975321/,664.22,0,0,0,TheFrothHouse,UPI/THE FROTH HOUSE/cf.thefrothhou/NSDL,664.22,4400.940757608199,0.0,0
user_2,2026-05-06,UPI/Blinkit/blinkit.payu@h/UPIIntent/HDFC/252499421727/,58374.45,0,0,1,Blinkit,UPI/Blinkit/blinkit.payu@h/UPIIntent/HDFC,664.22,4400.940757608199,13.113157658446658,1
user_2,2026-05-09,UPI/CATERING CARE FSS/cateringcare1/HDFC/993464851237/,145.61,0,0,0,CateringCare,UPI/CATERING CARE FSS/cateringcare1/HDFC,664.22,4400.940757608199,-0.11784071373908962,0
user_2,2026-05-09,UPI/M S ISHAN SHARMA/eazypay.8kvdv4/ICICI/159439489106/,910.25,0,0,0,IshanSharma,UPI/M S ISHAN SHARMA/eazypay.8kvdv4/ICICI,664.22,4400.940757608199,0.05590395634721316,0
user_2,2026-05-10,UPI/BOTTLE LAB TECHNOLOGIES/pinelabs.11443/UPI/AXIS/244720999186/,474.78,0,0,0,BottleLab,UPI/BOTTLE LAB TECHNOLOGIES/pinelabs.11443/UPI/AXIS,664.22,4400.940757608199,-0.04304534199250524,0
user_2,2026-05-10,UPI/Kamod Kumar/UPI/INDIAN/966230599546/,380.69,0,0,0,KamodKumar,UPI/Kamod Kumar/UPI/INDIAN,664.22,4400.940757608199,-0.06442486177752856,0
user_2,2026-05-11,UPI/CATERING CARE FSS/cateringcare1/HDFC/153852194934/,1103.25,0,0,0,CateringCare,UPI/CATERING CARE FSS/cateringcare1/HDFC,664.22,4400.940757608199,0.09975821629523632,0
user_2,2026-05-12,UPI/SWIGGY BANGALORE/UPIIntent/HDFC/955813040233/,960.48,0,0,0,Swiggy,UPI/SWIGGY BANGALORE/UPIIntent/HDFC,664.22,4400.940757608199,0.06731742514093961,0
user_2,2026-05-12,UPI/Thesmartq1/thesmartq1.pay/UPIIntent/AIRTEL/144757678882/,284.14,0,0,0,Thesmartq1,UPI/Thesmartq1/thesmartq1.pay/UPIIntent/AIRTEL,664.22,4400.940757608199,-0.08636335295878056,0
user_2,2026-05-13,UPI/Bundl Technologies Pvt Ltd/UPIIntent/HDFC/989184881567/,415.44,0,0,0,Swiggy,UPI/Bundl Technologies Pvt Ltd/UPIIntent/HDFC,664.22,4400.940757608199,-0.056528822745436295,0
user_2,2026-05-14,UPI/Zomato Order/UPIIntent/ICICI/757085154465/,251.21,0,0,0,Zomato,UPI/Zomato Order/UPIIntent/ICICI,664.22,4400.940757608199,-0.09384584404732149,0
user_2,2026-05-15,UPI/Blinkit/blinkit.payu@h/UPIIntent/HDFC/242678154421/,374.99,0,0,0,Blinkit,UPI/Blinkit/blinkit.payu@h/UPIIntent/HDFC,664.22,4400.940757608199,-0.06572003940293648,0
user_2,2026-05-17,UPI/Blinkit/blinkit.payu@h/UPIIntent/HDFC/668645838319/,730.03,0,0,0,Blinkit,UPI/Blinkit/blinkit.payu@h/UPIIntent/HDFC,664.22,4400.940757608199,0.014953620969841463,0
user_2,2026-05-18,UPI/CATERING CARE FSS/cateringcare1/HDFC/634056055346/,1184.45,0,0,0,CateringCare,UPI/CATERING CARE FSS/cateringcare1/HDFC,664.22,4400.940757608199,0.11820881685367925,0
user_2,2026-05-18,UPI/Thesmartq1/thesmartq1.pay/UPIIntent/AIRTEL/256257249959/,844.77,0,0,0,Thesmartq1,UPI/Thesmartq1/thesmartq1.pay/UPIIntent/AIRTEL,664.22,4400.940757608199,0.04102531934515845,0
user_2,2026-05-20,UPI/SWIGGY*BLR123/UPIIntent/HDFC/126321311430/,912.12,0,0,0,Swiggy,UPI/SWIGGY*BLR123/UPIIntent/HDFC,664.22,4400.940757608199,0.056328865498004886,0
user_2,2026-05-23,UPI/Blinkit/blinkit.payu@h/UPIIntent/HDFC/987919902725/,714.63,0,0,0,Blinkit,UPI/Blinkit/blinkit.payu@h/UPIIntent/HDFC,664.22,4400.940757608199,0.011454369139791951,0
user_2,2026-05-23,UPI/ZOMATO LTD/UPIIntent/ICICI/755416058543/,1146.18,0,0,0,Zomato,UPI/ZOMATO LTD/UPIIntent/ICICI,664.22,4400.940757608199,0.10951294883186138,0
user_2,2026-05-25,UPI/M S ISHAN SHARMA/eazypay.8kvdv4/ICICI/871866090853/,666.75,0,0,0,IshanSharma,UPI/M S ISHAN SHARMA/eazypay.8kvdv4/ICICI,664.22,4400.940757608199,0.0005748770863652716,0
user_2,2026-05-27,UPI/Thesmartq1/thesmartq1.pay/UPIIntent/AIRTEL/978085612304/,259.12,0,0,0,Thesmartq1,UPI/Thesmartq1/thesmartq1.pay/UPIIntent/AIRTEL,664.22,4400.940757608199,-0.09204850106188697,0
user_2,2026-05-27,UPI/CATERING CARE FSS/cateringcare1/HDFC/582763861496/,423.59,0,0,0,CateringCare,UPI/CATERING CARE FSS/cateringcare1/HDFC,664.22,4400.940757608199,-0.05467694596524776,0
user_2,2026-05-31,UPI/Kamod Kumar/UPI/INDIAN/476437608777/,930.03,0,0,0,KamodKumar,UPI/Kamod Kumar/UPI/INDIAN,664.22,4400.940757608199,0.060398449931523504,0
user_2,2026-06-01,UPI/ANGEL ONE/angelmfcpupa@i/Subscripti/INDUSIND/307256268068/,405.39,1,0,0,,UPI/ANGEL ONE/angelmfcpupa@i/Subscripti/INDUSIND,664.22,4400.940757608199,-0.05881242540076082,0
user_2,2026-06-01,UPI/AMAZON PRIME/UPIIntent/AXIS/277050973235/,664.61,1,0,0,,UPI/AMAZON PRIME/UPIIntent/AXIS,664.22,4400.940757608199,8.861741647527688e-05,0
user_2,2026-06-01,UPI/MUSICSTREAM PLUS/UPIIntent/AXIS/753957252359/,966.08,1,1,0,,UPI/MUSICSTREAM PLUS/UPIIntent/AXIS,664.22,4400.940757608199,0.06858988035186671,0
user_2,2026-06-02,UPI/NETFLIX.COM/UPIIntent/HDFC/315454127588/,994.52,1,0,0,,UPI/NETFLIX.COM/UPIIntent/HDFC,664.22,4400.940757608199,0.07505213503021788,0
user_2,2026-06-02,UPI/CLOUDSTORAGE PRO/UPIIntent/ICICI/883133114986/,1371.08,1,1,0,,UPI/CLOUDSTORAGE PRO/UPIIntent/ICICI,664.22,4400.940757608199,0.1606156589992728,0
user_2,2026-06-02,UPI/NEWSDIGITAL SUB/UPIIntent/SBI/836476511959/,110.07,1,1,0,,UPI/NEWSDIGITAL SUB/UPIIntent/SBI,664.22,4400.940757608199,-0.12591625984558052,0
user_2,2026-06-03,UPI/SPOTIFY INDIA/UPIIntent/ICICI/980076973496/,431.7,1,0,0,,UPI/SPOTIFY INDIA/UPIIntent/ICICI,664.22,4400.940757608199,-0.052834158150851546,0
user_2,2026-06-03,UPI/HOTSTAR SUB/UPIIntent/SBI/141940692423/,449.52,1,1,0,,UPI/HOTSTAR SUB/UPIIntent/SBI,664.22,4400.940757608199,-0.04878502389036568,0
user_2,2026-06-03,UPI/GYMFIT CLUB/UPIIntent/HDFC/710787257456/,1021.15,1,1,0,,UPI/GYMFIT CLUB/UPIIntent/HDFC,664.22,4400.940757608199,0.08110311400646585,0
user_2,2026-06-06,UPI/BOTTLE LAB TECHNOLOGIES/pinelabs.11443/UPI/AXIS/632699244385/,413.21,0,0,0,BottleLab,UPI/BOTTLE LAB TECHNOLOGIES/pinelabs.11443/UPI/AXIS,664.22,4400.940757608199,-0.057035532588359056,0
user_2,2026-06-07,UPI/CATERING CARE FSS/cateringcare1/HDFC/566020858356/,553.05,0,0,0,CateringCare,UPI/CATERING CARE FSS/cateringcare1/HDFC,664.22,4400.940757608199,-0.025260508178350977,0
user_2,2026-06-09,UPI/Blinkit/blinkit.payu@h/UPIIntent/HDFC/460174757196/,1083.0,0,0,0,Blinkit,UPI/Blinkit/blinkit.payu@h/UPIIntent/HDFC,664.22,4400.940757608199,0.09515692736286602,0
user_2,2026-06-13,UPI/SWIGGY BANGALORE/UPIIntent/HDFC/647434203178/,408.67,0,0,0,Swiggy,UPI/SWIGGY BANGALORE/UPIIntent/HDFC,664.22,4400.940757608199,-0.05806713020578923,0
user_2,2026-06-14,UPI/Thesmartq1/thesmartq1.pay/UPIIntent/AIRTEL/939699229349/,429.52,0,0,0,Thesmartq1,UPI/Thesmartq1/thesmartq1.pay/UPIIntent/AIRTEL,664.22,4400.940757608199,-0.053329506786533885,0
user_2,2026-06-15,UPI/Thesmartq1/thesmartq1.pay/UPIIntent/AIRTEL/176511902397/,934.86,0,0,0,Thesmartq1,UPI/Thesmartq1/thesmartq1.pay/UPIIntent/AIRTEL,664.22,4400.940757608199,0.06149594255094813,0
user_2,2026-06-17,UPI/Blinkit/blinkit.payu@h/UPIIntent/HDFC/610379189139/,143.96,0,0,0,Blinkit,UPI/Blinkit/blinkit.payu@h/UPIIntent/HDFC,664.22,4400.940757608199,-0.11821563357802349,0
user_2,2026-06-21,UPI/THE FROTH HOUSE/cf.thefrothhou/NSDL/727395293005/,1112.41,0,0,0,TheFrothHouse,UPI/THE FROTH HOUSE/cf.thefrothhou/NSDL,664.22,4400.940757608199,0.10183958946168138,0
user_2,2026-06-22,UPI/Thesmartq1/thesmartq1.pay/UPIIntent/AIRTEL/461798806521/,695.26,0,0,0,Thesmartq1,UPI/Thesmartq1/thesmartq1.pay/UPIIntent/AIRTEL,664.22,4400.940757608199,0.007053037454853044,0
user_2,2026-06-23,UPI/Kamod Kumar/UPI/INDIAN/174694048946/,1007.53,0,0,0,KamodKumar,UPI/Kamod Kumar/UPI/INDIAN,664.22,4400.940757608199,0.07800832115417529,0
user_2,2026-06-24,UPI/SWIGGY BANGALORE/UPIIntent/HDFC/306462332956/,606.28,0,0,0,Swiggy,UPI/SWIGGY BANGALORE/UPIIntent/HDFC,664.22,4400.940757608199,-0.013165366950199299,0
user_2,2026-06-25,UPI/SWIGGY BANGALORE/UPIIntent/HDFC/891748288747/,187.21,0,0,0,Swiggy,UPI/SWIGGY BANGALORE/UPIIntent/HDFC,664.22,4400.940757608199,-0.10838818931505975,0
user_2,2026-06-26,UPI/THE FROTH HOUSE/cf.thefrothhou/NSDL/695360085591/,563.64,0,0,0,TheFrothHouse,UPI/THE FROTH HOUSE/cf.thefrothhou/NSDL,664.22,4400.940757608199,-0.02285420448482991,0
user_2,2026-06-27,UPI/BOTTLE LAB TECHNOLOGIES/pinelabs.11443/UPI/AXIS/709678679202/,946.44,0,0,0,BottleLab,UPI/BOTTLE LAB TECHNOLOGIES/pinelabs.11443/UPI/AXIS,664.22,4400.940757608199,0.06412719814782954,0
user_2,2026-06-27,UPI/CATERING CARE FSS/cateringcare1/HDFC/871545945433/,1113.84,0,0,0,CateringCare,UPI/CATERING CARE FSS/cateringcare1/HDFC,664.22,4400.940757608199,0.10216451998875736,0
user_2,2026-06-28,UPI/Blinkit/blinkit.payu@h/UPIIntent/HDFC/990339498745/,791.44,0,0,0,Blinkit,UPI/Blinkit/blinkit.payu@h/UPIIntent/HDFC,664.22,4400.940757608199,0.028907455702525953,0
user_2,2026-07-01,UPI/SPOTIFY INDIA/UPIIntent/ICICI/732981162660/,431.7,1,0,0,,UPI/SPOTIFY INDIA/UPIIntent/ICICI,664.22,4400.940757608199,-0.052834158150851546,0
user_2,2026-07-01,UPI/HOTSTAR SUB/UPIIntent/SBI/702827464212/,449.52,1,1,0,,UPI/HOTSTAR SUB/UPIIntent/SBI,664.22,4400.940757608199,-0.04878502389036568,0
user_2,2026-07-01,UPI/NEWSDIGITAL SUB/UPIIntent/SBI/796672897182/,110.07,1,1,0,,UPI/NEWSDIGITAL SUB/UPIIntent/SBI,664.22,4400.940757608199,-0.12591625984558052,0
user_2,2026-07-01,UPI/Thesmartq1/thesmartq1.pay/UPIIntent/AIRTEL/878733096076/,1152.66,0,0,0,Thesmartq1,UPI/Thesmartq1/thesmartq1.pay/UPIIntent/AIRTEL,664.22,4400.940757608199,0.1109853612902199,0
user_2,2026-07-01,UPI/CATERING CARE FSS/cateringcare1/HDFC/594479882851/,758.06,0,0,0,CateringCare,UPI/CATERING CARE FSS/cateringcare1/HDFC,664.22,4400.940757608199,0.021322713748821196,0
user_2,2026-07-01,UPI/Thesmartq1/thesmartq1.pay/UPIIntent/AIRTEL/924737549805/,338.32,0,0,0,Thesmartq1,UPI/Thesmartq1/thesmartq1.pay/UPIIntent/AIRTEL,664.22,4400.940757608199,-0.0740523487930609,0
user_2,2026-07-02,UPI/AMAZON PRIME/UPIIntent/AXIS/241390851419/,664.61,1,0,0,,UPI/AMAZON PRIME/UPIIntent/AXIS,664.22,4400.940757608199,8.861741647527688e-05,0
user_2,2026-07-02,UPI/GYMFIT CLUB/UPIIntent/HDFC/165092160265/,1021.15,1,1,0,,UPI/GYMFIT CLUB/UPIIntent/HDFC,664.22,4400.940757608199,0.08110311400646585,0
user_2,2026-07-03,UPI/NETFLIX.COM/UPIIntent/HDFC/148221031223/,994.52,1,0,0,,UPI/NETFLIX.COM/UPIIntent/HDFC,664.22,4400.940757608199,0.07505213503021788,0
user_2,2026-07-03,UPI/ANGEL ONE/angelmfcpupa@i/Subscripti/INDUSIND/241797185585/,405.39,1,0,0,,UPI/ANGEL ONE/angelmfcpupa@i/Subscripti/INDUSIND,664.22,4400.940757608199,-0.05881242540076082,0
user_2,2026-07-03,UPI/CLOUDSTORAGE PRO/UPIIntent/ICICI/872578504871/,1371.08,1,1,0,,UPI/CLOUDSTORAGE PRO/UPIIntent/ICICI,664.22,4400.940757608199,0.1606156589992728,0
user_2,2026-07-03,UPI/MUSICSTREAM PLUS/UPIIntent/AXIS/104946787858/,991.96,1,1,0,,UPI/MUSICSTREAM PLUS/UPIIntent/AXIS,664.22,4400.940757608199,0.07447044121950835,0
user_2,2026-07-03,UPI/Blinkit/blinkit.payu@h/UPIIntent/HDFC/202787891466/,46.54,0,0,0,Blinkit,UPI/Blinkit/blinkit.payu@h/UPIIntent/HDFC,664.22,4400.940757608199,-0.14035180976525882,0
user_2,2026-07-04,UPI/Thesmartq1/thesmartq1.pay/UPIIntent/AIRTEL/175996041126/,865.87,0,0,0,Thesmartq1,UPI/Thesmartq1/thesmartq1.pay/UPIIntent/AIRTEL,664.22,4400.940757608199,0.045819748800615914,0
user_2,2026-07-04,UPI/M S ISHAN SHARMA/eazypay.8kvdv4/ICICI/295939598234/,619.28,0,0,0,IshanSharma,UPI/M S ISHAN SHARMA/eazypay.8kvdv4/ICICI,664.22,4400.940757608199,-0.010211453067689967,0
user_2,2026-07-04,UPI/Thesmartq1/thesmartq1.pay/UPIIntent/AIRTEL/470490732835/,584.59,0,0,0,Thesmartq1,UPI/Thesmartq1/thesmartq1.pay/UPIIntent/AIRTEL,664.22,4400.940757608199,-0.018093858651093704,0
user_2,2026-07-10,UPI/Kamod Kumar/UPI/INDIAN/251603664941/,375.73,0,0,0,KamodKumar,UPI/Kamod Kumar/UPI/INDIAN,664.22,4400.940757608199,-0.06555189353577826,0
user_2,2026-07-11,UPI/Kamod Kumar/UPI/INDIAN/670683842235/,977.41,0,0,0,KamodKumar,UPI/Kamod Kumar/UPI/INDIAN,664.22,4400.940757608199,0.07116432991254598,0
user_2,2026-07-14,UPI/THE FROTH HOUSE/cf.thefrothhou/NSDL/545205853550/,557.51,0,0,0,TheFrothHouse,UPI/THE FROTH HOUSE/cf.thefrothhou/NSDL,664.22,4400.940757608199,-0.02424708849250546,0
user_2,2026-07-14,UPI/ZOMATO LTD/UPIIntent/ICICI/454052666215/,856.51,0,0,0,Zomato,UPI/ZOMATO LTD/UPIIntent/ICICI,664.22,4400.940757608199,0.04369293080520919,0
user_2,2026-07-15,UPI/BOTTLE LAB TECHNOLOGIES/pinelabs.11443/UPI/AXIS/495259777129/,625.97,0,0,0,BottleLab,UPI/BOTTLE LAB TECHNOLOGIES/pinelabs.11443/UPI/AXIS,664.22,4400.940757608199,-0.00869132353892169,0
user_2,2026-07-15,UPI/SWIGGY*BLR123/UPIIntent/HDFC/777680030905/,349.44,0,0,0,Swiggy,UPI/SWIGGY*BLR123/UPIIntent/HDFC,664.22,4400.940757608199,-0.07152561630279138,0
user_2,2026-07-16,UPI/SWIGGY BANGALORE/UPIIntent/HDFC/879532259149/,974.5,0,0,0,Swiggy,UPI/SWIGGY BANGALORE/UPIIntent/HDFC,664.22,4400.940757608199,0.07050310765115352,0
user_2,2026-07-16,UPI/SWIGGY BANGALORE/UPIIntent/HDFC/275571035645/,1041.38,0,0,0,Swiggy,UPI/SWIGGY BANGALORE/UPIIntent/HDFC,664.22,4400.940757608199,0.08569985845594001,0
user_2,2026-07-17,UPI/Blinkit/blinkit.payu@h/UPIIntent/HDFC/954678844438/,105.96,0,0,0,Blinkit,UPI/Blinkit/blinkit.payu@h/UPIIntent/HDFC,664.22,4400.940757608199,-0.12685015108074307,0
user_2,2026-07-23,UPI/BLINK COMMERCE PVT LTD/UPIIntent/HDFC/178507188754/,794.75,0,0,0,Blinkit,UPI/BLINK COMMERCE PVT LTD/UPIIntent/HDFC,664.22,4400.940757608199,0.029659567621841777,0
user_2,2026-07-25,UPI/CATERING CARE FSS/cateringcare1/HDFC/407626235738/,1177.61,0,0,0,CateringCare,UPI/CATERING CARE FSS/cateringcare1/HDFC,664.22,4400.940757608199,0.11665460370318968,0
user_2,2026-07-30,UPI/Thesmartq1/thesmartq1.pay/UPIIntent/AIRTEL/967453003039/,528.05,0,0,0,Thesmartq1,UPI/Thesmartq1/thesmartq1.pay/UPIIntent/AIRTEL,664.22,4400.940757608199,-0.030941111798561235,0
user_3,2026-02-01,UPI/SPOTIFY INDIA/UPIIntent/ICICI/115039341684/,965.12,1,0,0,,UPI/SPOTIFY INDIA/UPIIntent/ICICI,482.28,5330.5223840093495,0.09058024058738352,0
user_3,2026-02-01,UPI/CLOUDSTORAGE PRO/UPIIntent/ICICI/889195603349/,716.16,1,1,0,,UPI/CLOUDSTORAGE PRO/UPIIntent/ICICI,482.28,5330.5223840093495,0.04387562477959004,0
user_3,2026-02-01,UPI/MUSICSTREAM PLUS/UPIIntent/AXIS/457586199360/,193.2,1,1,0,,UPI/MUSICSTREAM PLUS/UPIIntent/AXIS,482.28,5330.5223840093495,-0.05423108265471134,0
user_3,2026-02-02,UPI/NETFLIX.COM/UPIIntent/HDFC/636097200344/,284.06,1,0,0,,UPI/NETFLIX.COM/UPIIntent/HDFC,482.28,5330.5223840093495,-0.03718584891316203,0
user_3,2026-02-02,UPI/ANGEL ONE/angelmfcpupa@i/Subscripti/INDUSIND/980159972989/,72.87,1,0,0,,UPI/ANGEL ONE/angelmfcpupa@i/Subscripti/INDUSIND,482.28,5330.5223840093495,-0.07680485522922849,0
user_3,2026-02-02,UPI/AMAZON PRIME/UPIIntent/AXIS/482939965769/,312.33,1,0,0,,UPI/AMAZON PRIME/UPIIntent/AXIS,482.28,5330.5223840093495,-0.031882428729653356,0
user_3,2026-02-02,UPI/HOTSTAR SUB/UPIIntent/SBI/692455104232/,430.06,1,1,0,,UPI/HOTSTAR SUB/UPIIntent/SBI,482.28,5330.5223840093495,-0.009796413228964386,0
user_3,2026-02-02,UPI/NEWSDIGITAL SUB/UPIIntent/SBI/433081605911/,430.61,1,1,0,,UPI/NEWSDIGITAL SUB/UPIIntent/SBI,482.28,5330.5223840093495,-0.00969323384796227,0
user_3,2026-02-02,UPI/Bundl Technologies Pvt Ltd/UPIIntent/HDFC/819635856404/,474.26,0,0,0,Swiggy,UPI/Bundl Technologies Pvt Ltd/UPIIntent/HDFC,482.28,5330.5223840093495,-0.0015045429738853742,0
user_3,2026-02-03,UPI/GYMFIT CLUB/UPIIntent/HDFC/456308648155/,324.87,1,1,0,,UPI/GYMFIT CLUB/UPIIntent/HDFC,482.28,5330.5223840093495,-0.029529938842805144,0
user_3,2026-02-04,UPI/Thesmartq1/thesmartq1.pay/UPIIntent/AIRTEL/740517480880/,55.99,0,0,0,Thesmartq1,UPI/Thesmartq1/thesmartq1.pay/UPIIntent/AIRTEL,482.28,5330.5223840093495,-0.07997152423162066,0
user_3,2026-02-05,UPI/THE FROTH HOUSE/cf.thefrothhou/NSDL/645512344666/,374.03,0,0,0,TheFrothHouse,UPI/THE FROTH HOUSE/cf.thefrothhou/NSDL,482.28,5330.5223840093495,-0.020307578169961614,0
user_3,2026-02-08,UPI/M S ISHAN SHARMA/eazypay.8kvdv4/ICICI/180150266347/,962.54,0,0,0,IshanSharma,UPI/M S ISHAN SHARMA/eazypay.8kvdv4/ICICI,482.28,5330.5223840093495,0.09009623549104633,0
user_3,2026-02-09,UPI/Thesmartq1/thesmartq1.pay/UPIIntent/AIRTEL/816104089272/,169.33,0,0,0,Thesmartq1,UPI/Thesmartq1/thesmartq1.pay/UPIIntent/AIRTEL,482.28,5330.5223840093495,-0.0587090677902031,0
user_3,2026-02-10,UPI/Kamod Kumar/UPI/INDIAN/507556311934/,544.16,0,0,0,KamodKumar,UPI/Kamod Kumar/UPI/INDIAN,482.28,5330.5223840093495,0.01160861835711062,0
user_3,2026-02-13,UPI/CATERING CARE FSS/cateringcare1/HDFC/781593129755/,349.58,0,0,0,CateringCare,UPI/CATERING CARE FSS/cateringcare1/HDFC,482.28,5330.5223840093495,-0.02489437065269197,0
user_3,2026-02-15,UPI/Kamod Kumar/UPI/INDIAN/622416188739/,251.71,0,0,0,KamodKumar,UPI/Kamod Kumar/UPI/INDIAN,482.28,5330.5223840093495,-0.04325467250483186,0
user_3,2026-02-15,UPI/Thesmartq1/thesmartq1.pay/UPIIntent/AIRTEL/314864520349/,372.68,0,0,0,Thesmartq1,UPI/Thesmartq1/thesmartq1.pay/UPIIntent/AIRTEL,482.28,5330.5223840093495,-0.02056083665060316,0
user_3,2026-02-15,UPI/Zomato Order/UPIIntent/ICICI/458307721494/,45.56,0,0,0,Zomato,UPI/Zomato Order/UPIIntent/ICICI,482.28,5330.5223840093495,-0.08192818049316984,0
user_3,2026-02-16,UPI/SWIGGY BANGALORE/UPIIntent/HDFC/554427625440/,946.1,0,0,0,Swiggy,UPI/SWIGGY BANGALORE/UPIIntent/HDFC,482.28,5330.5223840093495,0.08701210999345585,0
user_3,2026-02-16,UPI/M S ISHAN SHARMA/eazypay.8kvdv4/ICICI/936336532331/,800.58,0,0,0,IshanSharma,UPI/M S ISHAN SHARMA/eazypay.8kvdv4/ICICI,482.28,5330.5223840093495,0.059712721769041875,0
user_3,2026-02-19,UPI/SWIGGY*BLR123/UPIIntent/HDFC/147995287269/,622.9,0,0,0,Swiggy,UPI/SWIGGY*BLR123/UPIIntent/HDFC,482.28,5330.5223840093495,0.026380153739122423,0
user_3,2026-02-19,UPI/Kamod Kumar/UPI/INDIAN/942889092958/,1010.53,0,0,0,KamodKumar,UPI/Kamod Kumar/UPI/INDIAN,482.28,5330.5223840093495,0.09909910548066718,0
user_3,2026-02-24,UPI/THE FROTH HOUSE/cf.thefrothhou/NSDL/516523930136/,349.37,0,0,0,TheFrothHouse,UPI/THE FROTH HOUSE/cf.thefrothhou/NSDL,482.28,5330.5223840093495,-0.02493376641634732,0
user_3,2026-02-26,UPI/Kamod Kumar/UPI/INDIAN/655899256219/,74.77,0,0,0,KamodKumar,UPI/Kamod Kumar/UPI/INDIAN,482.28,5330.5223840093495,-0.07644841736758481,0
user_3,2026-02-27,UPI/CATERING CARE FSS/cateringcare1/HDFC/907459684382/,732.68,0,0,0,CateringCare,UPI/CATERING CARE FSS/cateringcare1/HDFC,482.28,5330.5223840093495,0.04697475818714446,0
user_3,2026-02-28,UPI/Kamod Kumar/UPI/INDIAN/692875940612/,681.97,0,0,0,KamodKumar,UPI/Kamod Kumar/UPI/INDIAN,482.28,5330.5223840093495,0.03746161925874952,0
user_3,2026-03-03,UPI/NETFLIX.COM/UPIIntent/HDFC/820187660232/,284.06,1,0,0,,UPI/NETFLIX.COM/UPIIntent/HDFC,482.28,5330.5223840093495,-0.03718584891316203,0
user_3,2026-03-03,UPI/MUSICSTREAM PLUS/UPIIntent/AXIS/497812649033/,199.0,1,1,0,,UPI/MUSICSTREAM PLUS/UPIIntent/AXIS,482.28,5330.5223840093495,-0.0531430091823254,0
user_3,2026-03-03,UPI/NEWSDIGITAL SUB/UPIIntent/SBI/329557228761/,430.61,1,1,0,,UPI/NEWSDIGITAL SUB/UPIIntent/SBI,482.28,5330.5223840093495,-0.00969323384796227,0
user_3,2026-03-03,UPI/M S ISHAN SHARMA/eazypay.8kvdv4/ICICI/582831841751/,695.34,0,0,0,IshanSharma,UPI/M S ISHAN SHARMA/eazypay.8kvdv4/ICICI,482.28,5330.5223840093495,0.03996981621147365,0
user_3,2026-03-04,UPI/ANGEL ONE/angelmfcpupa@i/Subscripti/INDUSIND/149493068447/,72.87,1,0,0,,UPI/ANGEL ONE/angelmfcpupa@i/Subscripti/INDUSIND,482.28,5330.5223840093495,-0.07680485522922849,0
user_3,2026-03-04,UPI/CLOUDSTORAGE PRO/UPIIntent/ICICI/308070396730/,716.16,1,1,0,,UPI/CLOUDSTORAGE PRO/UPIIntent/ICICI,482.28,5330.5223840093495,0.04387562477959004,0
user_3,2026-03-05,UPI/SPOTIFY INDIA/UPIIntent/ICICI/649815933358/,965.12,1,0,0,,UPI/SPOTIFY INDIA/UPIIntent/ICICI,482.28,5330.5223840093495,0.09058024058738352,0
user_3,2026-03-05,UPI/AMAZON PRIME/UPIIntent/AXIS/689690121713/,312.33,1,0,0,,UPI/AMAZON PRIME/UPIIntent/AXIS,482.28,5330.5223840093495,-0.031882428729653356,0
user_3,2026-03-05,UPI/HOTSTAR SUB/UPIIntent/SBI/104891544454/,430.06,1,1,0,,UPI/HOTSTAR SUB/UPIIntent/SBI,482.28,5330.5223840093495,-0.009796413228964386,0
user_3,2026-03-05,UPI/GYMFIT CLUB/UPIIntent/HDFC/906375092141/,324.87,1,1,0,,UPI/GYMFIT CLUB/UPIIntent/HDFC,482.28,5330.5223840093495,-0.029529938842805144,0
user_3,2026-03-06,UPI/Kamod Kumar/UPI/INDIAN/671721007308/,783.82,0,0,0,KamodKumar,UPI/Kamod Kumar/UPI/INDIAN,482.28,5330.5223840093495,0.056568564631595625,0
user_3,2026-03-07,UPI/SWIGGY*BLR123/UPIIntent/HDFC/848021894186/,418.1,0,0,0,Swiggy,UPI/SWIGGY*BLR123/UPIIntent/HDFC,482.28,5330.5223840093495,-0.012040095768573999,0
user_3,2026-03-09,UPI/M S ISHAN SHARMA/eazypay.8kvdv4/ICICI/971569414584/,1185.35,0,0,0,IshanSharma,UPI/M S ISHAN SHARMA/eazypay.8kvdv4/ICICI,482.28,5330.5223840093495,0.1318951407293756,0
user_3,2026-03-11,UPI/SWIGGY*BLR123/UPIIntent/HDFC/325059054317/,1061.7,0,0,0,Swiggy,UPI/SWIGGY*BLR123/UPIIntent/HDFC,482.28,5330.5223840093495,0.10869853989135482,0
user_3,2026-03-12,UPI/Kamod Kumar/UPI/INDIAN/667674307389/,332.5,0,0,0,KamodKumar,UPI/Kamod Kumar/UPI/INDIAN,482.28,5330.5223840093495,-0.028098559429993994,0
user_3,2026-03-14,UPI/Bundl Technologies Pvt Ltd/UPIIntent/HDFC/596132554970/,222.98,0,0,0,Swiggy,UPI/Bundl Technologies Pvt Ltd/UPIIntent/HDFC,482.28,5330.5223840093495,-0.04864438817063321,0
user_3,2026-03-15,UPI/Thesmartq1/thesmartq1.pay/UPIIntent/AIRTEL/499322564546/,357.5,0,0,0,Thesmartq1,UPI/Thesmartq1/thesmartq1.pay/UPIIntent/AIRTEL,482.28,5330.5223840093495,-0.02340858756626152,0
user_3,2026-03-16,UPI/CATERING CARE FSS/cateringcare1/HDFC/765560923520/,304.86,0,0,0,CateringCare,UPI/CATERING CARE FSS/cateringcare1/HDFC,482.28,5330.5223840093495,-0.033283792322536615,0
user_3,2026-03-17,UPI/THE FROTH HOUSE/cf.thefrothhou/NSDL/566384711129/,1160.21,0,0,0,TheFrothHouse,UPI/THE FROTH HOUSE/cf.thefrothhou/NSDL,482.28,5330.5223840093495,0.12717890502320625,0
user_3,2026-03-17,UPI/BOTTLE LAB TECHNOLOGIES/pinelabs.11443/UPI/AXIS/109014515916/,1053.95,0,0,0,BottleLab,UPI/BOTTLE LAB TECHNOLOGIES/pinelabs.11443/UPI/AXIS,482.28,5330.5223840093495,0.10724464861359775,0
user_3,2026-03-18,UPI/SWIGGY BANGALORE/UPIIntent/HDFC/670782034292/,224.82,0,0,0,Swiggy,UPI/SWIGGY BANGALORE/UPIIntent/HDFC,482.28,5330.5223840093495,-0.04829920624146251,0
user_3,2026-03-21,UPI/Kamod Kumar/UPI/INDIAN/337690862466/,815.03,0,0,0,KamodKumar,UPI/Kamod Kumar/UPI/INDIAN,482.28,5330.5223840093495,0.06242352550627923,0
user_3,2026-03-24,UPI/BOTTLE LAB TECHNOLOGIES/pinelabs.11443/UPI/AXIS/358026868481/,829.22,0,0,0,BottleLab,UPI/BOTTLE LAB TECHNOLOGIES/pinelabs.11443/UPI/AXIS,482.28,5330.5223840093495,0.0650855535361338,0
user_3,2026-03-26,UPI/ZOMATO LTD/UPIIntent/ICICI/592105110050/,555.11,0,0,0,Zomato,UPI/ZOMATO LTD/UPIIntent/ICICI,482.28,5330.5223840093495,0.013662826033425451,0
user_3,2026-03-28,UPI/SWIGGY*BLR123/UPIIntent/HDFC/441928383564/,230.11,0,0,0,Swiggy,UPI/SWIGGY*BLR123/UPIIntent/HDFC,482.28,5330.5223840093495,-0.047306808195096715,0
user_3,2026-03-30,UPI/ZOMATO LTD/UPIIntent/ICICI/841691942985/,105.89,0,0,0,Zomato,UPI/ZOMATO LTD/UPIIntent/ICICI,482.28,5330.5223840093495,-0.07061034039161064,0
user_3,2026-04-02,UPI/GYMFIT CLUB/UPIIntent/HDFC/339634957391/,324.87,1,1,0,,UPI/GYMFIT CLUB/UPIIntent/HDFC,482.28,5330.5223840093495,-0.029529938842805144,0
user_3,2026-04-02,UPI/MUSICSTREAM PLUS/UPIIntent/AXIS/464159504923/,204.79,1,1,0,,UPI/MUSICSTREAM PLUS/UPIIntent/AXIS,482.28,5330.5223840093495,-0.05205681169868497,0
user_3,2026-04-02,UPI/NEWSDIGITAL SUB/UPIIntent/SBI/959671275363/,430.61,1,1,0,,UPI/NEWSDIGITAL SUB/UPIIntent/SBI,482.28,5330.5223840093495,-0.00969323384796227,0
user_3,2026-04-02,UPI/CATERING CARE FSS/cateringcare1/HDFC/105317662986/,161.54,0,0,0,CateringCare,UPI/CATERING CARE FSS/cateringcare1/HDFC,482.28,5330.5223840093495,-0.06017046302294215,0
user_3,2026-04-03,UPI/NETFLIX.COM/UPIIntent/HDFC/507896849979/,284.06,1,0,0,,UPI/NETFLIX.COM/UPIIntent/HDFC,482.28,5330.5223840093495,-0.03718584891316203,0
user_3,2026-04-03,UPI/SPOTIFY INDIA/UPIIntent/ICICI/829458502093/,965.12,1,0,0,,UPI/SPOTIFY INDIA/UPIIntent/ICICI,482.28,5330.5223840093495,0.09058024058738352,0
user_3,2026-04-03,UPI/ANGEL ONE/angelmfcpupa@i/Subscripti/INDUSIND/341454444306/,72.87,1,0,0,,UPI/ANGEL ONE/angelmfcpupa@i/Subscripti/INDUSIND,482.28,5330.5223840093495,-0.07680485522922849,0
user_3,2026-04-03,UPI/AMAZON PRIME/UPIIntent/AXIS/394544300561/,312.33,1,0,0,,UPI/AMAZON PRIME/UPIIntent/AXIS,482.28,5330.5223840093495,-0.031882428729653356,0
user_3,2026-04-03,UPI/HOTSTAR SUB/UPIIntent/SBI/839893935922/,464.46,1,1,0,,UPI/HOTSTAR SUB/UPIIntent/SBI,482.28,5330.5223840093495,-0.0033430119444685063,0
user_3,2026-04-03,UPI/M S ISHAN SHARMA/eazypay.8kvdv4/ICICI/640367784559/,1176.33,0,0,0,IshanSharma,UPI/M S ISHAN SHARMA/eazypay.8kvdv4/ICICI,482.28,5330.5223840093495,0.13020299888094095,0
user_3,2026-04-04,UPI/CLOUDSTORAGE PRO/UPIIntent/ICICI/573756262079/,787.78,1,1,0,,UPI/CLOUDSTORAGE PRO/UPIIntent/ICICI,482.28,5330.5223840093495,0.057311456174810836,0
user_3,2026-04-05,UPI/CATERING CARE FSS/cateringcare1/HDFC/473410427450/,799.54,0,0,0,CateringCare,UPI/CATERING CARE FSS/cateringcare1/HDFC,482.28,5330.5223840093495,0.05951761893951059,0
user_3,2026-04-07,UPI/THE FROTH HOUSE/cf.thefrothhou/NSDL/538238922550/,24.73,0,0,0,TheFrothHouse,UPI/THE FROTH HOUSE/cf.thefrothhou/NSDL,482.28,5330.5223840093495,-0.08583586505003174,0
user_3,2026-04-08,UPI/BOTTLE LAB TECHNOLOGIES/pinelabs.11443/UPI/AXIS/186221323576/,915.34,0,0,0,BottleLab,UPI/BOTTLE LAB TECHNOLOGIES/pinelabs.11443/UPI/AXIS,482.28,5330.5223840093495,0.08124156861231942,0
user_3,2026-04-08,UPI/THE FROTH HOUSE/cf.thefrothhou/NSDL/390120576182/,1118.45,0,0,0,TheFrothHouse,UPI/THE FROTH HOUSE/cf.thefrothhou/NSDL,482.28,5330.5223840093495,0.11934477602202753,0
user_3,2026-04-10,UPI/Thesmartq1/thesmartq1.pay/UPIIntent/AIRTEL/545843212886/,525.61,0,0,0,Thesmartq1,UPI/Thesmartq1/thesmartq1.pay/UPIIntent/AIRTEL,482.28,5330.5223840093495,0.008128659234221132,0
user_3,2026-04-10,UPI/Thesmartq1/thesmartq1.pay/UPIIntent/AIRTEL/816865347406/,1175.8,0,0,0,Thesmartq1,UPI/Thesmartq1/thesmartq1.pay/UPIIntent/AIRTEL,482.28,5330.5223840093495,0.13010357147742982,0
user_3,2026-04-11,UPI/Thesmartq1/thesmartq1.pay/UPIIntent/AIRTEL/170660904271/,1128.82,0,0,0,Thesmartq1,UPI/Thesmartq1/thesmartq1.pay/UPIIntent/AIRTEL,482.28,5330.5223840093495,0.12129017635110374,0
user_3,2026-04-12,UPI/ZOMATO LTD/UPIIntent/ICICI/311534793546/,830.2,0,0,0,Zomato,UPI/ZOMATO LTD/UPIIntent/ICICI,482.28,5330.5223840093495,0.06526940043319211,0
user_3,2026-04-14,UPI/THE FROTH HOUSE/cf.thefrothhou/NSDL/213431676393/,1125.84,0,0,0,TheFrothHouse,UPI/THE FROTH HOUSE/cf.thefrothhou/NSDL,482.28,5330.5223840093495,0.12073113170494683,0
user_3,2026-04-15,UPI/Kamod Kumar/UPI/INDIAN/160476606997/,1191.99,0,0,0,KamodKumar,UPI/Kamod Kumar/UPI/INDIAN,482.28,5330.5223840093495,0.13314079725638298,0
user_3,2026-04-16,UPI/SWIGGY*BLR123/UPIIntent/HDFC/450423188235/,574.23,0,0,0,Swiggy,UPI/SWIGGY*BLR123/UPIIntent/HDFC,482.28,5330.5223840093495,0.01724971651480805,0
user_3,2026-04-18,UPI/BOTTLE LAB TECHNOLOGIES/pinelabs.11443/UPI/AXIS/490809567667/,954.88,0,0,0,BottleLab,UPI/BOTTLE LAB TECHNOLOGIES/pinelabs.11443/UPI/AXIS,482.28,5330.5223840093495,0.0886592281119987,0
user_3,2026-04-21,UPI/BLINK COMMERCE PVT LTD/UPIIntent/HDFC/672819573851/,712.28,0,0,0,Blinkit,UPI/BLINK COMMERCE PVT LTD/UPIIntent/HDFC,482.28,5330.5223840093495,0.043147741146338764,0
user_3,2026-04-24,UPI/CATERING CARE FSS/cateringcare1/HDFC/240825598845/,749.77,0,0,0,CateringCare,UPI/CATERING CARE FSS/cateringcare1/HDFC,482.28,5330.5223840093495,0.050180822953191984,0
user_3,2026-04-26,UPI/Zomato Order/UPIIntent/ICICI/516955230146/,108.37,0,0,0,Zomato,UPI/Zomato Order/UPIIntent/ICICI,482.28,5330.5223840093495,-0.07014509518272836,0
user_3,2026-04-28,UPI/Blinkit/blinkit.payu@h/UPIIntent/HDFC/876523667123/,829.17,0,0,0,Blinkit,UPI/Blinkit/blinkit.payu@h/UPIIntent/HDFC,482.28,5330.5223840093495,0.06507617359240632,0
user_3,2026-05-01,UPI/Thesmartq1/thesmartq1.pay/UPIIntent/AIRTEL/604145202741/,634.57,0,0,0,Thesmartq1,UPI/Thesmartq1/thesmartq1.pay/UPIIntent/AIRTEL,482.28,5330.5223840093495,0.028569432605112754,0
user_3,2026-05-01,UPI/ZOMATO LTD/UPIIntent/ICICI/906689025788/,1149.5,0,0,0,Zomato,UPI/ZOMATO LTD/UPIIntent/ICICI,482.28,5330.5223840093495,0.12516972107678326,0
user_3,2026-05-01,UPI/BLINK COMMERCE PVT LTD/UPIIntent/HDFC/630900156767/,398.62,0,0,0,Blinkit,UPI/BLINK COMMERCE PVT LTD/UPIIntent/HDFC,482.28,5330.5223840093495,-0.015694521844794345,0
user_3,2026-05-01,UPI/Blinkit/blinkit.payu@h/UPIIntent/HDFC/779166260430/,413.97,0,0,0,Blinkit,UPI/Blinkit/blinkit.payu@h/UPIIntent/HDFC,482.28,5330.5223840093495,-0.012814879120462603,0
user_3,2026-05-02,UPI/ANGEL ONE/angelmfcpupa@i/Subscripti/INDUSIND/462168449388/,72.87,1,0,0,,UPI/ANGEL ONE/angelmfcpupa@i/Subscripti/INDUSIND,482.28,5330.5223840093495,-0.07680485522922849,0
user_3,2026-05-02,UPI/AMAZON PRIME/UPIIntent/AXIS/760695343981/,312.33,1,0,0,,UPI/AMAZON PRIME/UPIIntent/AXIS,482.28,5330.5223840093495,-0.031882428729653356,0
user_3,2026-05-02,UPI/HOTSTAR SUB/UPIIntent/SBI/444245732294/,464.46,1,1,0,,UPI/HOTSTAR SUB/UPIIntent/SBI,482.28,5330.5223840093495,-0.0033430119444685063,0
user_3,2026-05-02,UPI/CLOUDSTORAGE PRO/UPIIntent/ICICI/466069241699/,787.78,1,1,0,,UPI/CLOUDSTORAGE PRO/UPIIntent/ICICI,482.28,5330.5223840093495,0.057311456174810836,0
user_3,2026-05-03,UPI/NETFLIX.COM/UPIIntent/HDFC/217574359453/,284.06,1,0,0,,UPI/NETFLIX.COM/UPIIntent/HDFC,482.28,5330.5223840093495,-0.03718584891316203,0
user_3,2026-05-03,UPI/SPOTIFY INDIA/UPIIntent/ICICI/255171024467/,965.12,1,0,0,,UPI/SPOTIFY INDIA/UPIIntent/ICICI,482.28,5330.5223840093495,0.09058024058738352,0
user_3,2026-05-03,UPI/GYMFIT CLUB/UPIIntent/HDFC/558834808396/,341.11,1,1,0,,UPI/GYMFIT CLUB/UPIIntent/HDFC,482.28,5330.5223840093495,-0.026483333120124526,0
user_3,2026-05-03,UPI/NEWSDIGITAL SUB/UPIIntent/SBI/761786615489/,482.28,1,1,0,,UPI/NEWSDIGITAL SUB/UPIIntent/SBI,482.28,5330.5223840093495,0.0,0
user_3,2026-05-03,UPI/M S ISHAN SHARMA/eazypay.8kvdv4/ICICI/973051818270/,490.51,0,0,0,IshanSharma,UPI/M S ISHAN SHARMA/eazypay.8kvdv4/ICICI,482.28,5330.5223840093495,0.001543938737540734,0
user_3,2026-05-03,UPI/Kamod Kumar/UPI/INDIAN/264169401281/,184.34,0,0,0,KamodKumar,UPI/Kamod Kumar/UPI/INDIAN,482.28,5330.5223840093495,-0.05589320868321812,0
user_3,2026-05-04,UPI/MUSICSTREAM PLUS/UPIIntent/AXIS/509581652100/,210.59,1,1,0,,UPI/MUSICSTREAM PLUS/UPIIntent/AXIS,482.28,5330.5223840093495,-0.05096873822629903,0
user_3,2026-05-04,UPI/Thesmartq1/thesmartq1.pay/UPIIntent/AIRTEL/612565914494/,345.68,0,0,0,Thesmartq1,UPI/Thesmartq1/thesmartq1.pay/UPIIntent/AIRTEL,482.28,5330.5223840093495,-0.025626006263434233,0
user_3,2026-05-05,UPI/Kamod Kumar/UPI/INDIAN/436973533755/,864.34,0,0,0,KamodKumar,UPI/Kamod Kumar/UPI/INDIAN,482.28,5330.5223840093495,0.07167402601030518,0
user_3,2026-05-06,UPI/Thesmartq1/thesmartq1.pay/UPIIntent/AIRTEL/497146398557/,972.26,0,0,0,Thesmartq1,UPI/Thesmartq1/thesmartq1.pay/UPIIntent/AIRTEL,482.28,5330.5223840093495,0.09191969655166551,0
user_3,2026-05-07,UPI/BOTTLE LAB TECHNOLOGIES/pinelabs.11443/UPI/AXIS/569191833050/,224.07,0,0,0,BottleLab,UPI/BOTTLE LAB TECHNOLOGIES/pinelabs.11443/UPI/AXIS,482.28,5330.5223840093495,-0.04843990539737448,0
user_3,2026-05-07,UPI/CATERING CARE FSS/cateringcare1/HDFC/593590096026/,44041.06,0,0,1,CateringCare,UPI/CATERING CARE FSS/cateringcare1/HDFC,482.28,5330.5223840093495,8.171578104740513,1
user_3,2026-05-08,UPI/CATERING CARE FSS/cateringcare1/HDFC/944221794862/,284.28,0,0,0,CateringCare,UPI/CATERING CARE FSS/cateringcare1/HDFC,482.28,5330.5223840093495,-0.037144577160761194,0
user_3,2026-05-09,UPI/Thesmartq1/thesmartq1.pay/UPIIntent/AIRTEL/432505049399/,946.93,0,0,0,Thesmartq1,UPI/Thesmartq1/thesmartq1.pay/UPIIntent/AIRTEL,482.28,5330.5223840093495,0.08716781705933176,0
user_3,2026-05-10,UPI/Thesmartq1/thesmartq1.pay/UPIIntent/AIRTEL/190224448643/,54064.37,0,0,1,Thesmartq1,UPI/Thesmartq1/thesmartq1.pay/UPIIntent/AIRTEL,482.28,5330.5223840093495,10.051939779999246,1
user_3,2026-05-11,UPI/Bundl Technologies Pvt Ltd/UPIIntent/HDFC/650117863518/,336.55,0,0,0,Swiggy,UPI/Bundl Technologies Pvt Ltd/UPIIntent/HDFC,482.28,5330.5223840093495,-0.02733878398806933,0
user_3,2026-05-12,UPI/THE FROTH HOUSE/cf.thefrothhou/NSDL/440785331852/,1030.42,0,0,0,TheFrothHouse,UPI/THE FROTH HOUSE/cf.thefrothhou/NSDL,482.28,5330.5223840093495,0.10283044709545275,0
user_3,2026-05-14,UPI/Thesmartq1/thesmartq1.pay/UPIIntent/AIRTEL/774136904340/,158.21,0,0,0,Thesmartq1,UPI/Thesmartq1/thesmartq1.pay/UPIIntent/AIRTEL,482.28,5330.5223840093495,-0.060795167275191304,0
user_3,2026-05-21,UPI/Kamod Kumar/UPI/INDIAN/233264922910/,1108.29,0,0,0,KamodKumar,UPI/Kamod Kumar/UPI/INDIAN,482.28,5330.5223840093495,0.11743877145660664,0
user_3,2026-05-21,UPI/ZOMATO LTD/UPIIntent/ICICI/326533969106/,536.47,0,0,0,Zomato,UPI/ZOMATO LTD/UPIIntent/ICICI,482.28,5330.5223840093495,0.01016598301182652,0
user_3,2026-05-23,UPI/ZOMATO LTD/UPIIntent/ICICI/913367191122/,597.24,0,0,0,Zomato,UPI/ZOMATO LTD/UPIIntent/ICICI,482.28,5330.5223840093495,0.021566366618187414,0
user_3,2026-05-30,UPI/BLINK COMMERCE PVT LTD/UPIIntent/HDFC/753590179715/,914.95,0,0,0,Blinkit,UPI/BLINK COMMERCE PVT LTD/UPIIntent/HDFC,482.28,5330.5223840093495,0.0811684050512452,0
user_3,2026-05-31,UPI/Kamod Kumar/UPI/INDIAN/883898253263/,341.63,0,0,0,KamodKumar,UPI/Kamod Kumar/UPI/INDIAN,482.28,5330.5223840093495,-0.026385781705358897,0
user_3,2026-06-01,UPI/AMAZON PRIME/UPIIntent/AXIS/110033874427/,312.33,1,0,0,,UPI/AMAZON PRIME/UPIIntent/AXIS,482.28,5330.5223840093495,-0.031882428729653356,0
user_3,2026-06-01,UPI/CLOUDSTORAGE PRO/UPIIntent/ICICI/656271155180/,859.39,1,1,0,,UPI/CLOUDSTORAGE PRO/UPIIntent/ICICI,482.28,5330.5223840093495,0.07074541158128614,0
user_3,2026-06-01,UPI/MUSICSTREAM PLUS/UPIIntent/AXIS/365553143830/,216.38,1,1,0,,UPI/MUSICSTREAM PLUS/UPIIntent/AXIS,482.28,5330.5223840093495,-0.04988254074265859,0
user_3,2026-06-01,UPI/NEWSDIGITAL SUB/UPIIntent/SBI/293987580169/,482.28,1,1,0,,UPI/NEWSDIGITAL SUB/UPIIntent/SBI,482.28,5330.5223840093495,0.0,0
user_3,2026-06-02,UPI/SPOTIFY INDIA/UPIIntent/ICICI/551571940200/,965.12,1,0,0,,UPI/SPOTIFY INDIA/UPIIntent/ICICI,482.28,5330.5223840093495,0.09058024058738352,0
user_3,2026-06-02,UPI/HOTSTAR SUB/UPIIntent/SBI/402212741793/,498.87,1,1,0,,UPI/HOTSTAR SUB/UPIIntent/SBI,482.28,5330.5223840093495,0.003112265328772876,0
user_3,2026-06-03,UPI/NETFLIX.COM/UPIIntent/HDFC/802710234585/,284.06,1,0,0,,UPI/NETFLIX.COM/UPIIntent/HDFC,482.28,5330.5223840093495,-0.03718584891316203,0
user_3,2026-06-03,UPI/ANGEL ONE/angelmfcpupa@i/Subscripti/INDUSIND/690872532522/,72.87,1,0,0,,UPI/ANGEL ONE/angelmfcpupa@i/Subscripti/INDUSIND,482.28,5330.5223840093495,-0.07680485522922849,0
user_3,2026-06-03,UPI/GYMFIT CLUB/UPIIntent/HDFC/416186457087/,341.11,1,1,0,,UPI/GYMFIT CLUB/UPIIntent/HDFC,482.28,5330.5223840093495,-0.026483333120124526,0
user_3,2026-06-03,UPI/SWIGGY*BLR123/UPIIntent/HDFC/987697051895/,95.15,0,0,0,Swiggy,UPI/SWIGGY*BLR123/UPIIntent/HDFC,482.28,5330.5223840093495,-0.07262515230427011,0
user_3,2026-06-04,UPI/BOTTLE LAB TECHNOLOGIES/pinelabs.11443/UPI/AXIS/101921480537/,485.41,0,0,0,BottleLab,UPI/BOTTLE LAB TECHNOLOGIES/pinelabs.11443/UPI/AXIS,482.28,5330.5223840093495,0.0005871844773393156,0
user_3,2026-06-06,UPI/BOTTLE LAB TECHNOLOGIES/pinelabs.11443/UPI/AXIS/346094980538/,185.95,0,0,0,BottleLab,UPI/BOTTLE LAB TECHNOLOGIES/pinelabs.11443/UPI/AXIS,482.28,5330.5223840093495,-0.05559117449519376,0
user_3,2026-06-08,UPI/BOTTLE LAB TECHNOLOGIES/pinelabs.11443/UPI/AXIS/531694238051/,106.58,0,0,0,BottleLab,UPI/BOTTLE LAB TECHNOLOGIES/pinelabs.11443/UPI/AXIS,482.28,5330.5223840093495,-0.07048089716817162,0
user_3,2026-06-10,UPI/BOTTLE LAB TECHNOLOGIES/pinelabs.11443/UPI/AXIS/249806471200/,1049.35,0,0,0,BottleLab,UPI/BOTTLE LAB TECHNOLOGIES/pinelabs.11443/UPI/AXIS,482.28,5330.5223840093495,0.10638169379067096,0
user_3,2026-06-16,UPI/SWIGGY BANGALORE/UPIIntent/HDFC/732088906555/,603.58,0,0,0,Swiggy,UPI/SWIGGY BANGALORE/UPIIntent/HDFC,482.28,5330.5223840093495,0.022755743482829976,0
user_3,2026-06-19,UPI/BOTTLE LAB TECHNOLOGIES/pinelabs.11443/UPI/AXIS/137466242728/,880.84,0,0,0,BottleLab,UPI/BOTTLE LAB TECHNOLOGIES/pinelabs.11443/UPI/AXIS,482.28,5330.5223840093495,0.07476940744036861,0
user_3,2026-06-19,UPI/Thesmartq1/thesmartq1.pay/UPIIntent/AIRTEL/572133406859/,441.78,0,0,0,Thesmartq1,UPI/Thesmartq1/thesmartq1.pay/UPIIntent/AIRTEL,482.28,5330.5223840093495,-0.007597754419246608,0
user_3,2026-06-21,UPI/BLINK COMMERCE PVT LTD/UPIIntent/HDFC/902987299153/,898.39,0,0,0,Blinkit,UPI/BLINK COMMERCE PVT LTD/UPIIntent/HDFC,482.28,5330.5223840093495,0.07806176768870879,0
user_3,2026-06-22,UPI/Bundl Technologies Pvt Ltd/UPIIntent/HDFC/142620940268/,225.69,0,0,0,Swiggy,UPI/Bundl Technologies Pvt Ltd/UPIIntent/HDFC,482.28,5330.5223840093495,-0.04813599522060462,0
user_3,2026-06-23,UPI/M S ISHAN SHARMA/eazypay.8kvdv4/ICICI/576295885558/,510.4,0,0,0,IshanSharma,UPI/M S ISHAN SHARMA/eazypay.8kvdv4/ICICI,482.28,5330.5223840093495,0.005275280352326288,0
user_3,2026-06-23,UPI/Kamod Kumar/UPI/INDIAN/592526633473/,420.68,0,0,0,KamodKumar,UPI/Kamod Kumar/UPI/INDIAN,482.28,5330.5223840093495,-0.01155609067223681,0
user_3,2026-06-25,UPI/Zomato Order/UPIIntent/ICICI/757010655966/,656.95,0,0,0,Zomato,UPI/Zomato Order/UPIIntent/ICICI,482.28,5330.5223840093495,0.03276789541752606,0
user_3,2026-06-26,UPI/ZOMATO LTD/UPIIntent/ICICI/816206796295/,1069.06,0,0,0,Zomato,UPI/ZOMATO LTD/UPIIntent/ICICI,482.28,5330.5223840093495,0.11007926760803764,0
user_3,2026-06-27,UPI/THE FROTH HOUSE/cf.thefrothhou/NSDL/914958311579/,852.71,0,0,0,TheFrothHouse,UPI/THE FROTH HOUSE/cf.thefrothhou/NSDL,482.28,5330.5223840093495,0.06949225109929683,0
user_3,2026-06-28,UPI/BLINK COMMERCE PVT LTD/UPIIntent/HDFC/678872649765/,1085.62,0,0,0,Blinkit,UPI/BLINK COMMERCE PVT LTD/UPIIntent/HDFC,482.28,5330.5223840093495,0.11318590497057403,0
user_3,2026-06-28,UPI/Zomato Order/UPIIntent/ICICI/666537937744/,174.78,0,0,0,Zomato,UPI/Zomato Order/UPIIntent/ICICI,482.28,5330.5223840093495,-0.05768665392390943,0
user_3,2026-06-30,UPI/BLINK COMMERCE PVT LTD/UPIIntent/HDFC/939672655187/,1128.74,0,0,0,Blinkit,UPI/BLINK COMMERCE PVT LTD/UPIIntent/HDFC,482.28,5330.5223840093495,0.12127516844113982,0
user_3,2026-07-01,UPI/HOTSTAR SUB/UPIIntent/SBI/154533995431/,498.87,1,1,0,,UPI/HOTSTAR SUB/UPIIntent/SBI,482.28,5330.5223840093495,0.003112265328772876,0
user_3,2026-07-01,UPI/NEWSDIGITAL SUB/UPIIntent/SBI/163366137511/,482.28,1,1,0,,UPI/NEWSDIGITAL SUB/UPIIntent/SBI,482.28,5330.5223840093495,0.0,0
user_3,2026-07-02,UPI/NETFLIX.COM/UPIIntent/HDFC/936599226271/,284.06,1,0,0,,UPI/NETFLIX.COM/UPIIntent/HDFC,482.28,5330.5223840093495,-0.03718584891316203,0
user_3,2026-07-02,UPI/SPOTIFY INDIA/UPIIntent/ICICI/651556816332/,965.12,1,0,0,,UPI/SPOTIFY INDIA/UPIIntent/ICICI,482.28,5330.5223840093495,0.09058024058738352,0
user_3,2026-07-02,UPI/Zomato Order/UPIIntent/ICICI/298909099778/,114.22,0,0,0,Zomato,UPI/Zomato Order/UPIIntent/ICICI,482.28,5330.5223840093495,-0.06904764176661497,0
user_3,2026-07-03,UPI/ANGEL ONE/angelmfcpupa@i/Subscripti/INDUSIND/106531076069/,72.87,1,0,0,,UPI/ANGEL ONE/angelmfcpupa@i/Subscripti/INDUSIND,482.28,5330.5223840093495,-0.07680485522922849,0
user_3,2026-07-03,UPI/AMAZON PRIME/UPIIntent/AXIS/815638470839/,312.33,1,0,0,,UPI/AMAZON PRIME/UPIIntent/AXIS,482.28,5330.5223840093495,-0.031882428729653356,0
user_3,2026-07-03,UPI/GYMFIT CLUB/UPIIntent/HDFC/937558306720/,341.11,1,1,0,,UPI/GYMFIT CLUB/UPIIntent/HDFC,482.28,5330.5223840093495,-0.026483333120124526,0
user_3,2026-07-03,UPI/CLOUDSTORAGE PRO/UPIIntent/ICICI/520801227217/,859.39,1,1,0,,UPI/CLOUDSTORAGE PRO/UPIIntent/ICICI,482.28,5330.5223840093495,0.07074541158128614,0
user_3,2026-07-03,UPI/MUSICSTREAM PLUS/UPIIntent/AXIS/314767490886/,222.18,1,1,0,,UPI/MUSICSTREAM PLUS/UPIIntent/AXIS,482.28,5330.5223840093495,-0.04879446727027265,0
user_3,2026-07-04,UPI/CATERING CARE FSS/cateringcare1/HDFC/891285343288/,621.19,0,0,0,CateringCare,UPI/CATERING CARE FSS/cateringcare1/HDFC,482.28,5330.5223840093495,0.026059359663643134,0
user_3,2026-07-05,UPI/CATERING CARE FSS/cateringcare1/HDFC/730670178489/,342.54,0,0,0,CateringCare,UPI/CATERING CARE FSS/cateringcare1/HDFC,482.28,5330.5223840093495,-0.026215066729519027,0
user_3,2026-07-08,UPI/ZOMATO LTD/UPIIntent/ICICI/307216445048/,836.01,0,0,0,Zomato,UPI/ZOMATO LTD/UPIIntent/ICICI,482.28,5330.5223840093495,0.06635934989432353,0
user_3,2026-07-11,UPI/CATERING CARE FSS/cateringcare1/HDFC/520931288385/,818.14,0,0,0,CateringCare,UPI/CATERING CARE FSS/cateringcare1/HDFC,482.28,5330.5223840093495,0.06300695800612756,0
user_3,2026-07-12,UPI/THE FROTH HOUSE/cf.thefrothhou/NSDL/275374070988/,397.63,0,0,0,TheFrothHouse,UPI/THE FROTH HOUSE/cf.thefrothhou/NSDL,482.28,5330.5223840093495,-0.015880244730598153,0
user_3,2026-07-12,UPI/BOTTLE LAB TECHNOLOGIES/pinelabs.11443/UPI/AXIS/612906194788/,1010.07,0,0,0,BottleLab,UPI/BOTTLE LAB TECHNOLOGIES/pinelabs.11443/UPI/AXIS,482.28,5330.5223840093495,0.09901280999837452,0
user_3,2026-07-13,UPI/SWIGGY*BLR123/UPIIntent/HDFC/126029229920/,837.39,0,0,0,Swiggy,UPI/SWIGGY*BLR123/UPIIntent/HDFC,482.28,5330.5223840093495,0.06661823634120156,0
user_3,2026-07-13,UPI/Blinkit/blinkit.payu@h/UPIIntent/HDFC/971809891279/,775.96,0,0,0,Blinkit,UPI/Blinkit/blinkit.payu@h/UPIIntent/HDFC,482.28,5330.5223840093495,0.05509403747763813,0
user_3,2026-07-15,UPI/CATERING CARE FSS/cateringcare1/HDFC/658588457761/,87.14,0,0,0,CateringCare,UPI/CATERING CARE FSS/cateringcare1/HDFC,482.28,5330.5223840093495,-0.07412781928941,0
user_3,2026-07-17,UPI/THE FROTH HOUSE/cf.thefrothhou/NSDL/649047580189/,736.98,0,0,0,TheFrothHouse,UPI/THE FROTH HOUSE/cf.thefrothhou/NSDL,482.28,5330.5223840093495,0.04778143334770645,0
user_3,2026-07-17,UPI/ZOMATO LTD/UPIIntent/ICICI/855847749801/,949.32,0,0,0,Zomato,UPI/ZOMATO LTD/UPIIntent/ICICI,482.28,5330.5223840093495,0.08761617836950461,0
user_3,2026-07-21,UPI/Blinkit/blinkit.payu@h/UPIIntent/HDFC/620414585904/,1179.88,0,0,0,Blinkit,UPI/Blinkit/blinkit.payu@h/UPIIntent/HDFC,482.28,5330.5223840093495,0.130868974885591,0
user_3,2026-07-21,UPI/Kamod Kumar/UPI/INDIAN/372297795756/,725.86,0,0,0,KamodKumar,UPI/Kamod Kumar/UPI/INDIAN,482.28,5330.5223840093495,0.04569533386271825,0
user_3,2026-07-22,UPI/SWIGGY BANGALORE/UPIIntent/HDFC/448941781172/,174.8,0,0,0,Swiggy,UPI/SWIGGY BANGALORE/UPIIntent/HDFC,482.28,5330.5223840093495,-0.05768290194641844,0
user_3,2026-07-24,UPI/CATERING CARE FSS/cateringcare1/HDFC/652556750427/,262.7,0,0,0,CateringCare,UPI/CATERING CARE FSS/cateringcare1/HDFC,482.28,5330.5223840093495,-0.041192960873535064,0
user_3,2026-07-27,UPI/M S ISHAN SHARMA/eazypay.8kvdv4/ICICI/915201479207/,753.4,0,0,0,IshanSharma,UPI/M S ISHAN SHARMA/eazypay.8kvdv4/ICICI,482.28,5330.5223840093495,0.050861806867805934,0
user_3,2026-07-27,UPI/Kamod Kumar/UPI/INDIAN/975424586132/,706.72,0,0,0,KamodKumar,UPI/Kamod Kumar/UPI/INDIAN,482.28,5330.5223840093495,0.04210469140384467,0
user_3,2026-07-30,UPI/Kamod Kumar/UPI/INDIAN/774738345210/,529.46,0,0,0,KamodKumar,UPI/Kamod Kumar/UPI/INDIAN,482.28,5330.5223840093495,0.008850914901235938,0
user_3,2026-07-30,UPI/ZOMATO LTD/UPIIntent/ICICI/487435283858/,54.26,0,0,0,Zomato,UPI/ZOMATO LTD/UPIIntent/ICICI,482.28,5330.5223840093495,-0.08029607028459095,0
user_4,2026-02-01,UPI/NETFLIX.COM/UPIIntent/HDFC/775112915207/,1072.06,1,0,0,,UPI/NETFLIX.COM/UPIIntent/HDFC,553.13,1314.6437873706102,0.3947305003721961,0
user_4,2026-02-01,UPI/SPOTIFY INDIA/UPIIntent/ICICI/941036044509/,174.42,1,0,0,,UPI/SPOTIFY INDIA/UPIIntent/ICICI,553.13,1314.6437873706102,-0.28807042914449815,0
user_4,2026-02-01,UPI/GYMFIT CLUB/UPIIntent/HDFC/276846796464/,248.25,1,1,0,,UPI/GYMFIT CLUB/UPIIntent/HDFC,553.13,1314.6437873706102,-0.23191072968121934,0
user_4,2026-02-02,UPI/AMAZON PRIME/UPIIntent/AXIS/451418982249/,273.54,1,0,0,,UPI/AMAZON PRIME/UPIIntent/AXIS,553.13,1314.6437873706102,-0.21267357947904786,0
user_4,2026-02-02,UPI/HOTSTAR SUB/UPIIntent/SBI/534863682721/,1076.17,1,1,0,,UPI/HOTSTAR SUB/UPIIntent/SBI,553.13,1314.6437873706102,0.397856822528421,0
user_4,2026-02-02,UPI/CLOUDSTORAGE PRO/UPIIntent/ICICI/958596962609/,46.12,1,1,0,,UPI/CLOUDSTORAGE PRO/UPIIntent/ICICI,553.13,1314.6437873706102,-0.38566340545681915,0
user_4,2026-02-02,UPI/MUSICSTREAM PLUS/UPIIntent/AXIS/455249081372/,341.56,1,1,0,,UPI/MUSICSTREAM PLUS/UPIIntent/AXIS,553.13,1314.6437873706102,-0.1609333281246903,0
user_4,2026-02-02,UPI/NEWSDIGITAL SUB/UPIIntent/SBI/308207769043/,1080.52,1,1,0,,UPI/NEWSDIGITAL SUB/UPIIntent/SBI,553.13,1314.6437873706102,0.4011657036426734,0
user_4,2026-02-02,UPI/Thesmartq1/thesmartq1.pay/UPIIntent/AIRTEL/869926609861/,40.92,0,0,0,Thesmartq1,UPI/Thesmartq1/thesmartq1.pay/UPIIntent/AIRTEL,553.13,1314.6437873706102,-0.3896188495474199,0
user_4,2026-02-03,UPI/ANGEL ONE/angelmfcpupa@i/Subscripti/INDUSIND/640839427680/,1156.54,1,0,0,,UPI/ANGEL ONE/angelmfcpupa@i/Subscripti/INDUSIND,553.13,1314.6437873706102,0.4589912535979552,0
user_4,2026-02-05,UPI/BOTTLE LAB TECHNOLOGIES/pinelabs.11443/UPI/AXIS/444883004688/,800.44,0,0,0,BottleLab,UPI/BOTTLE LAB TECHNOLOGIES/pinelabs.11443/UPI/AXIS,553.13,1314.6437873706102,0.18811939962431898,0
user_4,2026-02-07,UPI/CATERING CARE FSS/cateringcare1/HDFC/838235674565/,225.17,0,0,0,CateringCare,UPI/CATERING CARE FSS/cateringcare1/HDFC,553.13,1314.6437873706102,-0.24946681614488556,0
user_4,2026-02-07,UPI/Kamod Kumar/UPI/INDIAN/747581186732/,1150.35,0,0,0,KamodKumar,UPI/Kamod Kumar/UPI/INDIAN,553.13,1314.6437873706102,0.45428275380549005,0
user_4,2026-02-09,UPI/Thesmartq1/thesmartq1.pay/UPIIntent/AIRTEL/659244390715/,202.65,0,0,0,Thesmartq1,UPI/Thesmartq1/thesmartq1.pay/UPIIntent/AIRTEL,553.13,1314.6437873706102,-0.266596931706487,0
user_4,2026-02-10,UPI/SWIGGY BANGALORE/UPIIntent/HDFC/834254516425/,994.13,0,0,0,Swiggy,UPI/SWIGGY BANGALORE/UPIIntent/HDFC,553.13,1314.6437873706102,0.3354520853759438,0
user_4,2026-02-14,UPI/SWIGGY*BLR123/UPIIntent/HDFC/350946851512/,391.83,0,0,0,Swiggy,UPI/SWIGGY*BLR123/UPIIntent/HDFC,553.13,1314.6437873706102,-0.12269483304113318,0
user_4,2026-02-15,UPI/BOTTLE LAB TECHNOLOGIES/pinelabs.11443/UPI/AXIS/698874164738/,133.95,0,0,0,BottleLab,UPI/BOTTLE LAB TECHNOLOGIES/pinelabs.11443/UPI/AXIS,553.13,1314.6437873706102,-0.31885443344192316,0
user_4,2026-02-16,UPI/Kamod Kumar/UPI/INDIAN/674414527927/,1180.61,0,0,0,KamodKumar,UPI/Kamod Kumar/UPI/INDIAN,553.13,1314.6437873706102,0.47730039576348565,0
user_4,2026-02-17,UPI/Thesmartq1/thesmartq1.pay/UPIIntent/AIRTEL/961851250742/,547.91,0,0,0,Thesmartq1,UPI/Thesmartq1/thesmartq1.pay/UPIIntent/AIRTEL,553.13,1314.6437873706102,-0.0039706573371030285,0
user_4,2026-02-18,UPI/M S ISHAN SHARMA/eazypay.8kvdv4/ICICI/453914574812/,208.94,0,0,0,IshanSharma,UPI/M S ISHAN SHARMA/eazypay.8kvdv4/ICICI,553.13,1314.6437873706102,-0.2618123656815104,0
user_4,2026-02-19,UPI/M S ISHAN SHARMA/eazypay.8kvdv4/ICICI/651460703541/,581.55,0,0,0,IshanSharma,UPI/M S ISHAN SHARMA/eazypay.8kvdv4/ICICI,553.13,1314.6437873706102,0.021618023279783013,0
user_4,2026-02-21,UPI/Thesmartq1/thesmartq1.pay/UPIIntent/AIRTEL/108888436316/,441.07,0,0,0,Thesmartq1,UPI/Thesmartq1/thesmartq1.pay/UPIIntent/AIRTEL,553.13,1314.6437873706102,-0.08523982015244504,0
user_4,2026-02-21,UPI/THE FROTH HOUSE/cf.thefrothhou/NSDL/586947981087/,58.27,0,0,0,TheFrothHouse,UPI/THE FROTH HOUSE/cf.thefrothhou/NSDL,553.13,1314.6437873706102,-0.3764213582066656,0
user_4,2026-02-22,UPI/THE FROTH HOUSE/cf.thefrothhou/NSDL/352712607755/,940.86,0,0,0,TheFrothHouse,UPI/THE FROTH HOUSE/cf.thefrothhou/NSDL,553.13,1314.6437873706102,0.2949316033170401,0
user_4,2026-02-24,UPI/THE FROTH HOUSE/cf.thefrothhou/NSDL/801283170170/,1033.96,0,0,0,TheFrothHouse,UPI/THE FROTH HOUSE/cf.thefrothhou/NSDL,553.13,1314.6437873706102,0.36574926578529493,0
user_4,2026-02-25,UPI/CATERING CARE FSS/cateringcare1/HDFC/564175194429/,765.69,0,0,0,CateringCare,UPI/CATERING CARE FSS/cateringcare1/HDFC,553.13,1314.6437873706102,0.1616863838265547,0
user_4,2026-02-26,UPI/Bundl Technologies Pvt Ltd/UPIIntent/HDFC/546123974329/,557.55,0,0,0,Swiggy,UPI/Bundl Technologies Pvt Ltd/UPIIntent/HDFC,553.13,1314.6437873706102,0.0033621274770105616,0
user_4,2026-02-26,UPI/BOTTLE LAB TECHNOLOGIES/pinelabs.11443/UPI/AXIS/580195748500/,440.23,0,0,0,BottleLab,UPI/BOTTLE LAB TECHNOLOGIES/pinelabs.11443/UPI/AXIS,553.13,1314.6437873706102,-0.08587877650554206,0
user_4,2026-02-27,UPI/Bundl Technologies Pvt Ltd/UPIIntent/HDFC/256853003836/,691.46,0,0,0,Swiggy,UPI/Bundl Technologies Pvt Ltd/UPIIntent/HDFC,553.13,1314.6437873706102,0.10522241943322974,0
user_4,2026-02-28,UPI/CATERING CARE FSS/cateringcare1/HDFC/230724614050/,726.49,0,0,0,CateringCare,UPI/CATERING CARE FSS/cateringcare1/HDFC,553.13,1314.6437873706102,0.13186842068202634,0
user_4,2026-03-01,UPI/SWIGGY BANGALORE/UPIIntent/HDFC/608570370883/,894.83,0,0,0,Swiggy,UPI/SWIGGY BANGALORE/UPIIntent/HDFC,553.13,1314.6437873706102,0.2599183164919728,0
user_4,2026-03-02,UPI/Bundl Technologies Pvt Ltd/UPIIntent/HDFC/471760244066/,702.78,0,0,0,Swiggy,UPI/Bundl Technologies Pvt Ltd/UPIIntent/HDFC,553.13,1314.6437873706102,0.11383311695353736,0
user_4,2026-03-03,UPI/GYMFIT CLUB/UPIIntent/HDFC/517717190765/,248.25,1,1,0,,UPI/GYMFIT CLUB/UPIIntent/HDFC,553.13,1314.6437873706102,-0.23191072968121934,0
user_4,2026-03-04,UPI/NETFLIX.COM/UPIIntent/HDFC/262056176987/,1072.06,1,0,0,,UPI/NETFLIX.COM/UPIIntent/HDFC,553.13,1314.6437873706102,0.3947305003721961,0
user_4,2026-03-04,UPI/SPOTIFY INDIA/UPIIntent/ICICI/636227879055/,174.42,1,0,0,,UPI/SPOTIFY INDIA/UPIIntent/ICICI,553.13,1314.6437873706102,-0.28807042914449815,0
user_4,2026-03-04,UPI/ANGEL ONE/angelmfcpupa@i/Subscripti/INDUSIND/421372912003/,1156.54,1,0,0,,UPI/ANGEL ONE/angelmfcpupa@i/Subscripti/INDUSIND,553.13,1314.6437873706102,0.4589912535979552,0
user_4,2026-03-04,UPI/THE FROTH HOUSE/cf.thefrothhou/NSDL/668986370018/,17035.29,0,0,1,TheFrothHouse,UPI/THE FROTH HOUSE/cf.thefrothhou/NSDL,553.13,1314.6437873706102,12.537358148525998,1
user_4,2026-03-05,UPI/AMAZON PRIME/UPIIntent/AXIS/646398408852/,273.54,1,0,0,,UPI/AMAZON PRIME/UPIIntent/AXIS,553.13,1314.6437873706102,-0.21267357947904786,0
user_4,2026-03-05,UPI/HOTSTAR SUB/UPIIntent/SBI/191155503288/,1076.17,1,1,0,,UPI/HOTSTAR SUB/UPIIntent/SBI,553.13,1314.6437873706102,0.397856822528421,0
user_4,2026-03-05,UPI/CLOUDSTORAGE PRO/UPIIntent/ICICI/216860958403/,46.12,1,1,0,,UPI/CLOUDSTORAGE PRO/UPIIntent/ICICI,553.13,1314.6437873706102,-0.38566340545681915,0
user_4,2026-03-05,UPI/MUSICSTREAM PLUS/UPIIntent/AXIS/922375058857/,351.81,1,1,0,,UPI/MUSICSTREAM PLUS/UPIIntent/AXIS,553.13,1314.6437873706102,-0.15313653929225624,0
user_4,2026-03-05,UPI/NEWSDIGITAL SUB/UPIIntent/SBI/212159035023/,1080.52,1,1,0,,UPI/NEWSDIGITAL SUB/UPIIntent/SBI,553.13,1314.6437873706102,0.4011657036426734,0
user_4,2026-03-05,UPI/ZOMATO LTD/UPIIntent/ICICI/485333930570/,1120.99,0,0,0,Zomato,UPI/ZOMATO LTD/UPIIntent/ICICI,553.13,1314.6437873706102,0.4319497079400985,0
user_4,2026-03-08,UPI/CATERING CARE FSS/cateringcare1/HDFC/151295333581/,1192.67,0,0,0,CateringCare,UPI/CATERING CARE FSS/cateringcare1/HDFC,553.13,1314.6437873706102,0.4864739834043789,0
user_4,2026-03-08,UPI/Zomato Order/UPIIntent/ICICI/803919582073/,423.72,0,0,0,Zomato,UPI/Zomato Order/UPIIntent/ICICI,553.13,1314.6437873706102,-0.09843731149319926,0
user_4,2026-03-13,UPI/BOTTLE LAB TECHNOLOGIES/pinelabs.11443/UPI/AXIS/145373185852/,253.26,0,0,0,BottleLab,UPI/BOTTLE LAB TECHNOLOGIES/pinelabs.11443/UPI/AXIS,553.13,1314.6437873706102,-0.2280998114323906,0
user_4,2026-03-13,UPI/M S ISHAN SHARMA/eazypay.8kvdv4/ICICI/264160439272/,1135.5,0,0,0,IshanSharma,UPI/M S ISHAN SHARMA/eazypay.8kvdv4/ICICI,553.13,1314.6437873706102,0.4429869182775247,0
user_4,2026-03-15,UPI/M S ISHAN SHARMA/eazypay.8kvdv4/ICICI/550260725343/,142.42,0,0,0,IshanSharma,UPI/M S ISHAN SHARMA/eazypay.8kvdv4/ICICI,553.13,1314.6437873706102,-0.31241162354819474,0
user_4,2026-03-17,UPI/Kamod Kumar/UPI/INDIAN/565089588096/,869.86,0,0,0,KamodKumar,UPI/Kamod Kumar/UPI/INDIAN,553.13,1314.6437873706102,0.24092457823383825,0
user_4,2026-03-18,UPI/THE FROTH HOUSE/cf.thefrothhou/NSDL/303442247528/,275.1,0,0,0,TheFrothHouse,UPI/THE FROTH HOUSE/cf.thefrothhou/NSDL,553.13,1314.6437873706102,-0.21148694625186765,0
user_4,2026-03-19,UPI/THE FROTH HOUSE/cf.thefrothhou/NSDL/564183766190/,571.87,0,0,0,TheFrothHouse,UPI/THE FROTH HOUSE/cf.thefrothhou/NSDL,553.13,1314.6437873706102,0.014254811972664828,0
user_4,2026-03-20,UPI/BOTTLE LAB TECHNOLOGIES/pinelabs.11443/UPI/AXIS/647142694131/,180.59,0,0,0,BottleLab,UPI/BOTTLE LAB TECHNOLOGIES/pinelabs.11443/UPI/AXIS,553.13,1314.6437873706102,-0.2833771425985353,0
user_4,2026-03-20,UPI/Zomato Order/UPIIntent/ICICI/679891489305/,891.39,0,0,0,Zomato,UPI/Zomato Order/UPIIntent/ICICI,553.13,1314.6437873706102,0.25730163809357537,0
user_4,2026-03-20,UPI/BOTTLE LAB TECHNOLOGIES/pinelabs.11443/UPI/AXIS/283760342258/,253.2,0,0,0,BottleLab,UPI/BOTTLE LAB TECHNOLOGIES/pinelabs.11443/UPI/AXIS,553.13,1314.6437873706102,-0.22814545117189755,0
user_4,2026-03-20,UPI/Bundl Technologies Pvt Ltd/UPIIntent/HDFC/336419035664/,896.38,0,0,0,Swiggy,UPI/Bundl Technologies Pvt Ltd/UPIIntent/HDFC,553.13,1314.6437873706102,0.2610973430959018,0
user_4,2026-03-22,UPI/Blinkit/blinkit.payu@h/UPIIntent/HDFC/733363073501/,1155.73,0,0,0,Blinkit,UPI/Blinkit/blinkit.payu@h/UPIIntent/HDFC,553.13,1314.6437873706102,0.4583751171146116,0
user_4,2026-03-23,UPI/BLINK COMMERCE PVT LTD/UPIIntent/HDFC/302836868346/,834.83,0,0,0,Blinkit,UPI/BLINK COMMERCE PVT LTD/UPIIntent/HDFC,553.13,1314.6437873706102,0.21427857698504166,0
user_4,2026-03-23,UPI/Thesmartq1/thesmartq1.pay/UPIIntent/AIRTEL/986699217711/,252.27,0,0,0,Thesmartq1,UPI/Thesmartq1/thesmartq1.pay/UPIIntent/AIRTEL,553.13,1314.6437873706102,-0.22885286713425498,0
user_4,2026-03-31,UPI/Thesmartq1/thesmartq1.pay/UPIIntent/AIRTEL/295826116475/,620.32,0,0,0,Thesmartq1,UPI/Thesmartq1/thesmartq1.pay/UPIIntent/AIRTEL,553.13,1314.6437873706102,0.051108901624511746,0
user_4,2026-04-02,UPI/SPOTIFY INDIA/UPIIntent/ICICI/357325859587/,174.42,1,0,0,,UPI/SPOTIFY INDIA/UPIIntent/ICICI,553.13,1314.6437873706102,-0.28807042914449815,0
user_4,2026-04-02,UPI/GYMFIT CLUB/UPIIntent/HDFC/541763641739/,248.25,1,1,0,,UPI/GYMFIT CLUB/UPIIntent/HDFC,553.13,1314.6437873706102,-0.23191072968121934,0
user_4,2026-04-02,UPI/CLOUDSTORAGE PRO/UPIIntent/ICICI/934264610325/,50.73,1,1,0,,UPI/CLOUDSTORAGE PRO/UPIIntent/ICICI,553.13,1314.6437873706102,-0.3821567521380366,0
user_4,2026-04-02,UPI/MUSICSTREAM PLUS/UPIIntent/AXIS/984448759774/,362.05,1,1,0,,UPI/MUSICSTREAM PLUS/UPIIntent/AXIS,553.13,1314.6437873706102,-0.1453473570830733,0
user_4,2026-04-03,UPI/NETFLIX.COM/UPIIntent/HDFC/157953127829/,1072.06,1,0,0,,UPI/NETFLIX.COM/UPIIntent/HDFC,553.13,1314.6437873706102,0.3947305003721961,0
user_4,2026-04-03,UPI/Thesmartq1/thesmartq1.pay/UPIIntent/AIRTEL/353192036546/,353.18,0,0,0,Thesmartq1,UPI/Thesmartq1/thesmartq1.pay/UPIIntent/AIRTEL,553.13,1314.6437873706102,-0.15209443190684796,0
user_4,2026-04-04,UPI/ANGEL ONE/angelmfcpupa@i/Subscripti/INDUSIND/312113979620/,1156.54,1,0,0,,UPI/ANGEL ONE/angelmfcpupa@i/Subscripti/INDUSIND,553.13,1314.6437873706102,0.4589912535979552,0
user_4,2026-04-04,UPI/AMAZON PRIME/UPIIntent/AXIS/611960115765/,273.54,1,0,0,,UPI/AMAZON PRIME/UPIIntent/AXIS,553.13,1314.6437873706102,-0.21267357947904786,0
user_4,2026-04-04,UPI/HOTSTAR SUB/UPIIntent/SBI/624997032201/,1162.26,1,1,0,,UPI/HOTSTAR SUB/UPIIntent/SBI,553.13,1314.6437873706102,0.46334224209761593,0
user_4,2026-04-04,UPI/NEWSDIGITAL SUB/UPIIntent/SBI/322069146262/,1080.52,1,1,0,,UPI/NEWSDIGITAL SUB/UPIIntent/SBI,553.13,1314.6437873706102,0.4011657036426734,0
user_4,2026-04-05,UPI/Blinkit/blinkit.payu@h/UPIIntent/HDFC/854542491709/,442.82,0,0,0,Blinkit,UPI/Blinkit/blinkit.payu@h/UPIIntent/HDFC,553.13,1314.6437873706102,-0.08390866108349287,0
user_4,2026-04-05,UPI/M S ISHAN SHARMA/eazypay.8kvdv4/ICICI/251217529906/,444.79,0,0,0,IshanSharma,UPI/M S ISHAN SHARMA/eazypay.8kvdv4/ICICI,553.13,1314.6437873706102,-0.08241015630301528,0
user_4,2026-04-09,UPI/Thesmartq1/thesmartq1.pay/UPIIntent/AIRTEL/593195882586/,37.04,0,0,0,Thesmartq1,UPI/Thesmartq1/thesmartq1.pay/UPIIntent/AIRTEL,553.13,1314.6437873706102,-0.3925702193688681,0
user_4,2026-04-09,UPI/M S ISHAN SHARMA/eazypay.8kvdv4/ICICI/822543071447/,232.74,0,0,0,IshanSharma,UPI/M S ISHAN SHARMA/eazypay.8kvdv4/ICICI,553.13,1314.6437873706102,-0.24370860234376104,0
user_4,2026-04-13,UPI/Blinkit/blinkit.payu@h/UPIIntent/HDFC/994251380584/,967.9,0,0,0,Blinkit,UPI/Blinkit/blinkit.payu@h/UPIIntent/HDFC,553.13,1314.6437873706102,0.3154999125881637,0
user_4,2026-04-13,UPI/THE FROTH HOUSE/cf.thefrothhou/NSDL/186175025384/,553.13,0,0,0,TheFrothHouse,UPI/THE FROTH HOUSE/cf.thefrothhou/NSDL,553.13,1314.6437873706102,0.0,0
user_4,2026-04-16,UPI/THE FROTH HOUSE/cf.thefrothhou/NSDL/631190531099/,203.3,0,0,0,TheFrothHouse,UPI/THE FROTH HOUSE/cf.thefrothhou/NSDL,553.13,1314.6437873706102,-0.26610250119516193,0
user_4,2026-04-17,UPI/M S ISHAN SHARMA/eazypay.8kvdv4/ICICI/867639573068/,333.96,0,0,0,IshanSharma,UPI/M S ISHAN SHARMA/eazypay.8kvdv4/ICICI,553.13,1314.6437873706102,-0.16671436179556826,0
user_4,2026-04-18,UPI/BOTTLE LAB TECHNOLOGIES/pinelabs.11443/UPI/AXIS/899641710554/,1039.16,0,0,0,BottleLab,UPI/BOTTLE LAB TECHNOLOGIES/pinelabs.11443/UPI/AXIS,553.13,1314.6437873706102,0.36970470987589565,0
user_4,2026-04-18,UPI/Kamod Kumar/UPI/INDIAN/777296230353/,330.65,0,0,0,KamodKumar,UPI/Kamod Kumar/UPI/INDIAN,553.13,1314.6437873706102,-0.16923215409170062,0
user_4,2026-04-18,UPI/SWIGGY*BLR123/UPIIntent/HDFC/175966998225/,388.06,0,0,0,Swiggy,UPI/SWIGGY*BLR123/UPIIntent/HDFC,553.13,1314.6437873706102,-0.12556253000681866,0
user_4,2026-04-21,UPI/Kamod Kumar/UPI/INDIAN/968429321245/,48.29,0,0,0,KamodKumar,UPI/Kamod Kumar/UPI/INDIAN,553.13,1314.6437873706102,-0.38401276821131847,0
user_4,2026-04-21,UPI/Kamod Kumar/UPI/INDIAN/162233892807/,1138.33,0,0,0,KamodKumar,UPI/Kamod Kumar/UPI/INDIAN,553.13,1314.6437873706102,0.4451395926576015,0
user_4,2026-04-23,UPI/M S ISHAN SHARMA/eazypay.8kvdv4/ICICI/860055063364/,963.48,0,0,0,IshanSharma,UPI/M S ISHAN SHARMA/eazypay.8kvdv4/ICICI,553.13,1314.6437873706102,0.31213778511115314,0
user_4,2026-04-26,UPI/Thesmartq1/thesmartq1.pay/UPIIntent/AIRTEL/718553088450/,956.78,0,0,0,Thesmartq1,UPI/Thesmartq1/thesmartq1.pay/UPIIntent/AIRTEL,553.13,1314.6437873706102,0.30704134753287915,0
user_4,2026-04-26,UPI/M S ISHAN SHARMA/eazypay.8kvdv4/ICICI/196713016582/,564.95,0,0,0,IshanSharma,UPI/M S ISHAN SHARMA/eazypay.8kvdv4/ICICI,553.13,1314.6437873706102,0.008991028682865469,0
user_4,2026-05-02,UPI/NETFLIX.COM/UPIIntent/HDFC/145926418091/,1072.06,1,0,0,,UPI/NETFLIX.COM/UPIIntent/HDFC,553.13,1314.6437873706102,0.3947305003721961,0
user_4,2026-05-02,UPI/SPOTIFY INDIA/UPIIntent/ICICI/264521185651/,174.42,1,0,0,,UPI/SPOTIFY INDIA/UPIIntent/ICICI,553.13,1314.6437873706102,-0.28807042914449815,0
user_4,2026-05-02,UPI/AMAZON PRIME/UPIIntent/AXIS/646364370417/,273.54,1,0,0,,UPI/AMAZON PRIME/UPIIntent/AXIS,553.13,1314.6437873706102,-0.21267357947904786,0
user_4,2026-05-02,UPI/MUSICSTREAM PLUS/UPIIntent/AXIS/540716236168/,372.3,1,1,0,,UPI/MUSICSTREAM PLUS/UPIIntent/AXIS,553.13,1314.6437873706102,-0.13755056825063924,0
user_4,2026-05-02,UPI/NEWSDIGITAL SUB/UPIIntent/SBI/386820150033/,1210.18,1,1,0,,UPI/NEWSDIGITAL SUB/UPIIntent/SBI,553.13,1314.6437873706102,0.4997931807171517,0
user_4,2026-05-04,UPI/ANGEL ONE/angelmfcpupa@i/Subscripti/INDUSIND/292187199606/,1156.54,1,0,0,,UPI/ANGEL ONE/angelmfcpupa@i/Subscripti/INDUSIND,553.13,1314.6437873706102,0.4589912535979552,0
user_4,2026-05-04,UPI/HOTSTAR SUB/UPIIntent/SBI/954161910403/,1162.26,1,1,0,,UPI/HOTSTAR SUB/UPIIntent/SBI,553.13,1314.6437873706102,0.46334224209761593,0
user_4,2026-05-04,UPI/GYMFIT CLUB/UPIIntent/HDFC/714762136011/,260.66,1,1,0,,UPI/GYMFIT CLUB/UPIIntent/HDFC,553.13,1314.6437873706102,-0.22247091022653576,0
user_4,2026-05-04,UPI/CLOUDSTORAGE PRO/UPIIntent/ICICI/344564492220/,50.73,1,1,0,,UPI/CLOUDSTORAGE PRO/UPIIntent/ICICI,553.13,1314.6437873706102,-0.3821567521380366,0
user_4,2026-05-05,UPI/SWIGGY BANGALORE/UPIIntent/HDFC/553579629622/,528.14,0,0,0,Swiggy,UPI/SWIGGY BANGALORE/UPIIntent/HDFC,553.13,1314.6437873706102,-0.01900895150463682,0
user_4,2026-05-07,UPI/Kamod Kumar/UPI/INDIAN/408446422479/,547.91,0,0,0,KamodKumar,UPI/Kamod Kumar/UPI/INDIAN,553.13,1314.6437873706102,-0.0039706573371030285,0
user_4,2026-05-08,UPI/CATERING CARE FSS/cateringcare1/HDFC/998575356019/,292.85,0,0,0,CateringCare,UPI/CATERING CARE FSS/cateringcare1/HDFC,553.13,1314.6437873706102,-0.1979851899810672,0
user_4,2026-05-09,UPI/Kamod Kumar/UPI/INDIAN/221502120026/,100.18,0,0,0,KamodKumar,UPI/Kamod Kumar/UPI/INDIAN,553.13,1314.6437873706102,-0.3445420001610742,0
user_4,2026-05-09,UPI/CATERING CARE FSS/cateringcare1/HDFC/215343523786/,1046.04,0,0,0,CateringCare,UPI/CATERING CARE FSS/cateringcare1/HDFC,553.13,1314.6437873706102,0.3749380666726903,0
user_4,2026-05-15,UPI/THE FROTH HOUSE/cf.thefrothhou/NSDL/224903182113/,839.48,0,0,0,TheFrothHouse,UPI/THE FROTH HOUSE/cf.thefrothhou/NSDL,553.13,1314.6437873706102,0.21781565679682882,0
user_4,2026-05-16,UPI/BLINK COMMERCE PVT LTD/UPIIntent/HDFC/150354296465/,783.17,0,0,0,Blinkit,UPI/BLINK COMMERCE PVT LTD/UPIIntent/HDFC,553.13,1314.6437873706102,0.1749827612695739,0
user_4,2026-05-17,UPI/Thesmartq1/thesmartq1.pay/UPIIntent/AIRTEL/851209136603/,1196.26,0,0,0,Thesmartq1,UPI/Thesmartq1/thesmartq1.pay/UPIIntent/AIRTEL,553.13,1314.6437873706102,0.4892047611515436,0
user_4,2026-05-19,UPI/THE FROTH HOUSE/cf.thefrothhou/NSDL/989583712991/,43.67,0,0,0,TheFrothHouse,UPI/THE FROTH HOUSE/cf.thefrothhou/NSDL,553.13,1314.6437873706102,-0.38752702815335216,0
user_4,2026-05-22,UPI/THE FROTH HOUSE/cf.thefrothhou/NSDL/346020857723/,176.89,0,0,0,TheFrothHouse,UPI/THE FROTH HOUSE/cf.thefrothhou/NSDL,553.13,1314.6437873706102,-0.28619159320146276,0
user_4,2026-05-23,UPI/M S ISHAN SHARMA/eazypay.8kvdv4/ICICI/839367002593/,1133.77,0,0,0,IshanSharma,UPI/M S ISHAN SHARMA/eazypay.8kvdv4/ICICI,553.13,1314.6437873706102,0.4416709724550748,0
user_4,2026-05-24,UPI/Kamod Kumar/UPI/INDIAN/206127514319/,976.6,0,0,0,KamodKumar,UPI/Kamod Kumar/UPI/INDIAN,553.13,1314.6437873706102,0.32211767481666875,0
user_4,2026-05-27,UPI/SWIGGY BANGALORE/UPIIntent/HDFC/482316863255/,768.31,0,0,0,Swiggy,UPI/SWIGGY BANGALORE/UPIIntent/HDFC,553.13,1314.6437873706102,0.16367931911835729,0
user_4,2026-05-27,UPI/BLINK COMMERCE PVT LTD/UPIIntent/HDFC/120436758555/,154.03,0,0,0,Blinkit,UPI/BLINK COMMERCE PVT LTD/UPIIntent/HDFC,553.13,1314.6437873706102,-0.30358033395360356,0
user_4,2026-05-29,UPI/THE FROTH HOUSE/cf.thefrothhou/NSDL/143445012768/,824.89,0,0,0,TheFrothHouse,UPI/THE FROTH HOUSE/cf.thefrothhou/NSDL,553.13,1314.6437873706102,0.20671759347339336,0
user_4,2026-05-31,UPI/BLINK COMMERCE PVT LTD/UPIIntent/HDFC/151807641131/,265.8,0,0,0,Blinkit,UPI/BLINK COMMERCE PVT LTD/UPIIntent/HDFC,553.13,1314.6437873706102,-0.218561105875442,0
user_4,2026-06-01,UPI/HOTSTAR SUB/UPIIntent/SBI/920309968879/,1248.36,1,1,0,,UPI/HOTSTAR SUB/UPIIntent/SBI,553.13,1314.6437873706102,0.528835268290062,0
user_4,2026-06-01,UPI/CLOUDSTORAGE PRO/UPIIntent/ICICI/150669941417/,55.34,1,1,0,,UPI/CLOUDSTORAGE PRO/UPIIntent/ICICI,553.13,1314.6437873706102,-0.37865009881925404,0
user_4,2026-06-01,UPI/NEWSDIGITAL SUB/UPIIntent/SBI/552607463189/,1210.18,1,1,0,,UPI/NEWSDIGITAL SUB/UPIIntent/SBI,553.13,1314.6437873706102,0.4997931807171517,0
user_4,2026-06-01,UPI/Kamod Kumar/UPI/INDIAN/345736619108/,1034.54,0,0,0,KamodKumar,UPI/Kamod Kumar/UPI/INDIAN,553.13,1314.6437873706102,0.36619044993386185,0
user_4,2026-06-02,UPI/SPOTIFY INDIA/UPIIntent/ICICI/903095878906/,174.42,1,0,0,,UPI/SPOTIFY INDIA/UPIIntent/ICICI,553.13,1314.6437873706102,-0.28807042914449815,0
user_4,2026-06-02,UPI/ANGEL ONE/angelmfcpupa@i/Subscripti/INDUSIND/910231106154/,1156.54,1,0,0,,UPI/ANGEL ONE/angelmfcpupa@i/Subscripti/INDUSIND,553.13,1314.6437873706102,0.4589912535979552,0
user_4,2026-06-02,UPI/AMAZON PRIME/UPIIntent/AXIS/578227709623/,273.54,1,0,0,,UPI/AMAZON PRIME/UPIIntent/AXIS,553.13,1314.6437873706102,-0.21267357947904786,0
user_4,2026-06-02,UPI/GYMFIT CLUB/UPIIntent/HDFC/575222505668/,260.66,1,1,0,,UPI/GYMFIT CLUB/UPIIntent/HDFC,553.13,1314.6437873706102,-0.22247091022653576,0
user_4,2026-06-02,UPI/SWIGGY BANGALORE/UPIIntent/HDFC/921165762767/,220.68,0,0,0,Swiggy,UPI/SWIGGY BANGALORE/UPIIntent/HDFC,553.13,1314.6437873706102,-0.2528821899846542,0
user_4,2026-06-03,UPI/NETFLIX.COM/UPIIntent/HDFC/829920484666/,1072.06,1,0,0,,UPI/NETFLIX.COM/UPIIntent/HDFC,553.13,1314.6437873706102,0.3947305003721961,0
user_4,2026-06-03,UPI/MUSICSTREAM PLUS/UPIIntent/AXIS/121200036195/,382.55,1,1,0,,UPI/MUSICSTREAM PLUS/UPIIntent/AXIS,553.13,1314.6437873706102,-0.12975377941820518,0
user_4,2026-06-03,UPI/SWIGGY*BLR123/UPIIntent/HDFC/949644366275/,82.75,0,0,0,Swiggy,UPI/SWIGGY*BLR123/UPIIntent/HDFC,553.13,1314.6437873706102,-0.3578003444878377,0
user_4,2026-06-05,UPI/Blinkit/blinkit.payu@h/UPIIntent/HDFC/110854202001/,1094.82,0,0,0,Blinkit,UPI/Blinkit/blinkit.payu@h/UPIIntent/HDFC,553.13,1314.6437873706102,0.4120431748918253,0
user_4,2026-06-06,UPI/CATERING CARE FSS/cateringcare1/HDFC/944679143862/,1153.72,0,0,0,CateringCare,UPI/CATERING CARE FSS/cateringcare1/HDFC,553.13,1314.6437873706102,0.4568461858411294,0
user_4,2026-06-06,UPI/THE FROTH HOUSE/cf.thefrothhou/NSDL/596845047317/,956.87,0,0,0,TheFrothHouse,UPI/THE FROTH HOUSE/cf.thefrothhou/NSDL,553.13,1314.6437873706102,0.30710980714213953,0
user_4,2026-06-07,UPI/Zomato Order/UPIIntent/ICICI/433692116904/,1124.52,0,0,0,Zomato,UPI/Zomato Order/UPIIntent/ICICI,553.13,1314.6437873706102,0.43463484594775625,0
user_4,2026-06-11,UPI/Blinkit/blinkit.payu@h/UPIIntent/HDFC/355420745565/,473.78,0,0,0,Blinkit,UPI/Blinkit/blinkit.payu@h/UPIIntent/HDFC,553.13,1314.6437873706102,-0.06035855549791643,0
user_4,2026-06-11,UPI/BLINK COMMERCE PVT LTD/UPIIntent/HDFC/433084630176/,489.49,0,0,0,Blinkit,UPI/BLINK COMMERCE PVT LTD/UPIIntent/HDFC,553.13,1314.6437873706102,-0.048408550370351605,0
user_4,2026-06-17,UPI/Thesmartq1/thesmartq1.pay/UPIIntent/AIRTEL/327191131698/,821.56,0,0,0,Thesmartq1,UPI/Thesmartq1/thesmartq1.pay/UPIIntent/AIRTEL,553.13,1314.6437873706102,0.20418458793075867,0
user_4,2026-06-19,UPI/Blinkit/blinkit.payu@h/UPIIntent/HDFC/237434329140/,1060.04,0,0,0,Blinkit,UPI/Blinkit/blinkit.payu@h/UPIIntent/HDFC,553.13,1314.6437873706102,0.3855873392243076,0
user_4,2026-06-20,UPI/THE FROTH HOUSE/cf.thefrothhou/NSDL/456019785708/,1048.3,0,0,0,TheFrothHouse,UPI/THE FROTH HOUSE/cf.thefrothhou/NSDL,553.13,1314.6437873706102,0.3766571635274514,0
user_4,2026-06-20,UPI/M S ISHAN SHARMA/eazypay.8kvdv4/ICICI/672605501946/,281.22,0,0,0,IshanSharma,UPI/M S ISHAN SHARMA/eazypay.8kvdv4/ICICI,553.13,1314.6437873706102,-0.20683169282216068,0
user_4,2026-06-20,UPI/BOTTLE LAB TECHNOLOGIES/pinelabs.11443/UPI/AXIS/289428603396/,1012.06,0,0,0,BottleLab,UPI/BOTTLE LAB TECHNOLOGIES/pinelabs.11443/UPI/AXIS,553.13,1314.6437873706102,0.34909076086526497,0
user_4,2026-06-21,UPI/BOTTLE LAB TECHNOLOGIES/pinelabs.11443/UPI/AXIS/228893004957/,436.8,0,0,0,BottleLab,UPI/BOTTLE LAB TECHNOLOGIES/pinelabs.11443/UPI/AXIS,553.13,1314.6437873706102,-0.08848784828068829,0
user_4,2026-06-24,UPI/Zomato Order/UPIIntent/ICICI/942743479038/,969.95,0,0,0,Zomato,UPI/Zomato Order/UPIIntent/ICICI,553.13,1314.6437873706102,0.3170592703546506,0
user_4,2026-06-24,UPI/Thesmartq1/thesmartq1.pay/UPIIntent/AIRTEL/280405335547/,658.64,0,0,0,Thesmartq1,UPI/Thesmartq1/thesmartq1.pay/UPIIntent/AIRTEL,553.13,1314.6437873706102,0.08025748192293837,0
user_4,2026-06-28,UPI/Blinkit/blinkit.payu@h/UPIIntent/HDFC/958901456877/,1170.16,0,0,0,Blinkit,UPI/Blinkit/blinkit.payu@h/UPIIntent/HDFC,553.13,1314.6437873706102,0.4693514744660286,0
user_4,2026-06-29,UPI/Blinkit/blinkit.payu@h/UPIIntent/HDFC/378675767771/,523.86,0,0,0,Blinkit,UPI/Blinkit/blinkit.payu@h/UPIIntent/HDFC,553.13,1314.6437873706102,-0.02226458625613122,0
user_4,2026-07-01,UPI/SPOTIFY INDIA/UPIIntent/ICICI/425835073204/,174.42,1,0,0,,UPI/SPOTIFY INDIA/UPIIntent/ICICI,553.13,1314.6437873706102,-0.28807042914449815,0
user_4,2026-07-01,UPI/ANGEL ONE/angelmfcpupa@i/Subscripti/INDUSIND/397660568326/,1156.54,1,0,0,,UPI/ANGEL ONE/angelmfcpupa@i/Subscripti/INDUSIND,553.13,1314.6437873706102,0.4589912535979552,0
user_4,2026-07-01,UPI/GYMFIT CLUB/UPIIntent/HDFC/730953252558/,260.66,1,1,0,,UPI/GYMFIT CLUB/UPIIntent/HDFC,553.13,1314.6437873706102,-0.22247091022653576,0
user_4,2026-07-01,UPI/MUSICSTREAM PLUS/UPIIntent/AXIS/557647198487/,392.79,1,1,0,,UPI/MUSICSTREAM PLUS/UPIIntent/AXIS,553.13,1314.6437873706102,-0.12196459720902225,0
user_4,2026-07-03,UPI/NETFLIX.COM/UPIIntent/HDFC/282879724109/,1072.06,1,0,0,,UPI/NETFLIX.COM/UPIIntent/HDFC,553.13,1314.6437873706102,0.3947305003721961,0
user_4,2026-07-03,UPI/AMAZON PRIME/UPIIntent/AXIS/869582234924/,273.54,1,0,0,,UPI/AMAZON PRIME/UPIIntent/AXIS,553.13,1314.6437873706102,-0.21267357947904786,0
user_4,2026-07-03,UPI/HOTSTAR SUB/UPIIntent/SBI/358551962965/,1248.36,1,1,0,,UPI/HOTSTAR SUB/UPIIntent/SBI,553.13,1314.6437873706102,0.528835268290062,0
user_4,2026-07-03,UPI/CLOUDSTORAGE PRO/UPIIntent/ICICI/671369487076/,55.34,1,1,0,,UPI/CLOUDSTORAGE PRO/UPIIntent/ICICI,553.13,1314.6437873706102,-0.37865009881925404,0
user_4,2026-07-03,UPI/NEWSDIGITAL SUB/UPIIntent/SBI/308816392971/,1210.18,1,1,0,,UPI/NEWSDIGITAL SUB/UPIIntent/SBI,553.13,1314.6437873706102,0.4997931807171517,0
user_4,2026-07-04,UPI/ZOMATO LTD/UPIIntent/ICICI/198210680872/,965.7,0,0,0,Zomato,UPI/ZOMATO LTD/UPIIntent/ICICI,553.13,1314.6437873706102,0.3138264554729096,0
user_4,2026-07-05,UPI/Kamod Kumar/UPI/INDIAN/150798368902/,288.71,0,0,0,KamodKumar,UPI/Kamod Kumar/UPI/INDIAN,553.13,1314.6437873706102,-0.20113433200704547,0
user_4,2026-07-06,UPI/Blinkit/blinkit.payu@h/UPIIntent/HDFC/235293219674/,881.13,0,0,0,Blinkit,UPI/Blinkit/blinkit.payu@h/UPIIntent/HDFC,553.13,1314.6437873706102,0.24949724263789014,0
user_4,2026-07-06,UPI/Blinkit/blinkit.payu@h/UPIIntent/HDFC/879886694270/,920.57,0,0,0,Blinkit,UPI/Blinkit/blinkit.payu@h/UPIIntent/HDFC,553.13,1314.6437873706102,0.27949776474044624,0
user_4,2026-07-07,UPI/CATERING CARE FSS/cateringcare1/HDFC/979033510266/,338.34,0,0,0,CateringCare,UPI/CATERING CARE FSS/cateringcare1/HDFC,553.13,1314.6437873706102,-0.16338266081156227,0
user_4,2026-07-09,UPI/Thesmartq1/thesmartq1.pay/UPIIntent/AIRTEL/470505531758/,597.72,0,0,0,Thesmartq1,UPI/Thesmartq1/thesmartq1.pay/UPIIntent/AIRTEL,553.13,1314.6437873706102,0.033917933076901004,0
user_4,2026-07-10,UPI/BOTTLE LAB TECHNOLOGIES/pinelabs.11443/UPI/AXIS/388703148493/,27.58,0,0,0,BottleLab,UPI/BOTTLE LAB TECHNOLOGIES/pinelabs.11443/UPI/AXIS,553.13,1314.6437873706102,-0.39976608496446087,0
user_4,2026-07-11,UPI/Thesmartq1/thesmartq1.pay/UPIIntent/AIRTEL/688969604806/,311.63,0,0,0,Thesmartq1,UPI/Thesmartq1/thesmartq1.pay/UPIIntent/AIRTEL,553.13,1314.6437873706102,-0.18369995151539778,0
user_4,2026-07-13,UPI/CATERING CARE FSS/cateringcare1/HDFC/589081961281/,481.11,0,0,0,CateringCare,UPI/CATERING CARE FSS/cateringcare1/HDFC,553.13,1314.6437873706102,-0.054782900654819645,0
user_4,2026-07-14,UPI/Thesmartq1/thesmartq1.pay/UPIIntent/AIRTEL/553286603907/,492.97,0,0,0,Thesmartq1,UPI/Thesmartq1/thesmartq1.pay/UPIIntent/AIRTEL,553.13,1314.6437873706102,-0.045761445478949586,0
user_4,2026-07-15,UPI/Zomato Order/UPIIntent/ICICI/429042777676/,482.41,0,0,0,Zomato,UPI/Zomato Order/UPIIntent/ICICI,553.13,1314.6437873706102,-0.053794039632169464,0
user_4,2026-07-18,UPI/CATERING CARE FSS/cateringcare1/HDFC/254192096518/,1147.62,0,0,0,CateringCare,UPI/CATERING CARE FSS/cateringcare1/HDFC,553.13,1314.6437873706102,0.45220614565792466,0
user_4,2026-07-23,UPI/Thesmartq1/thesmartq1.pay/UPIIntent/AIRTEL/756863747241/,1142.19,0,0,0,Thesmartq1,UPI/Thesmartq1/thesmartq1.pay/UPIIntent/AIRTEL,553.13,1314.6437873706102,0.4480757492325475,0
user_4,2026-07-23,UPI/BLINK COMMERCE PVT LTD/UPIIntent/HDFC/294564212028/,926.28,0,0,0,Blinkit,UPI/BLINK COMMERCE PVT LTD/UPIIntent/HDFC,553.13,1314.6437873706102,0.28384114661685583,0
user_4,2026-07-24,UPI/ZOMATO LTD/UPIIntent/ICICI/418916822497/,1031.33,0,0,0,Zomato,UPI/ZOMATO LTD/UPIIntent/ICICI,553.13,1314.6437873706102,0.36374872387024104,0
user_4,2026-07-24,UPI/SWIGGY*BLR123/UPIIntent/HDFC/758634264724/,549.58,0,0,0,Swiggy,UPI/SWIGGY*BLR123/UPIIntent/HDFC,553.13,1314.6437873706102,-0.002700351254160057,0
user_4,2026-07-24,UPI/SWIGGY*BLR123/UPIIntent/HDFC/919434217446/,404.62,0,0,0,Swiggy,UPI/SWIGGY*BLR123/UPIIntent/HDFC,553.13,1314.6437873706102,-0.11296596190290568,0
user_4,2026-07-25,UPI/THE FROTH HOUSE/cf.thefrothhou/NSDL/602253103962/,375.81,0,0,0,TheFrothHouse,UPI/THE FROTH HOUSE/cf.thefrothhou/NSDL,553.13,1314.6437873706102,-0.13488064348948378,0
user_4,2026-07-25,UPI/BOTTLE LAB TECHNOLOGIES/pinelabs.11443/UPI/AXIS/977855420368/,783.76,0,0,0,BottleLab,UPI/BOTTLE LAB TECHNOLOGIES/pinelabs.11443/UPI/AXIS,553.13,1314.6437873706102,0.17543155204139207,0
user_4,2026-07-25,UPI/BOTTLE LAB TECHNOLOGIES/pinelabs.11443/UPI/AXIS/242562166078/,410.88,0,0,0,BottleLab,UPI/BOTTLE LAB TECHNOLOGIES/pinelabs.11443/UPI/AXIS,553.13,1314.6437873706102,-0.10820421574768255,0
user_4,2026-07-25,UPI/M S ISHAN SHARMA/eazypay.8kvdv4/ICICI/246324942216/,73.18,0,0,0,IshanSharma,UPI/M S ISHAN SHARMA/eazypay.8kvdv4/ICICI,553.13,1314.6437873706102,-0.3650798829391932,0
user_4,2026-07-27,UPI/BOTTLE LAB TECHNOLOGIES/pinelabs.11443/UPI/AXIS/150476583504/,841.92,0,0,0,BottleLab,UPI/BOTTLE LAB TECHNOLOGIES/pinelabs.11443/UPI/AXIS,553.13,1314.6437873706102,0.21967167287011063,0
user_4,2026-07-28,UPI/BLINK COMMERCE PVT LTD/UPIIntent/HDFC/219030432047/,1023.69,0,0,0,Blinkit,UPI/BLINK COMMERCE PVT LTD/UPIIntent/HDFC,553.13,1314.6437873706102,0.35793726370635853,0
user_4,2026-07-30,UPI/Thesmartq1/thesmartq1.pay/UPIIntent/AIRTEL/204428343282/,349.75,0,0,0,Thesmartq1,UPI/Thesmartq1/thesmartq1.pay/UPIIntent/AIRTEL,553.13,1314.6437873706102,-0.1547035036819942,0
user_5,2026-02-01,UPI/MUSICSTREAM PLUS/UPIIntent/AXIS/935795010873/,424.85,1,1,0,,UPI/MUSICSTREAM PLUS/UPIIntent/AXIS,652.48,3602.472807102856,-0.06318715287765413,0
user_5,2026-02-02,UPI/ANGEL ONE/angelmfcpupa@i/Subscripti/INDUSIND/810105373319/,898.6,1,0,0,,UPI/ANGEL ONE/angelmfcpupa@i/Subscripti/INDUSIND,652.48,3602.472807102856,0.06831973846262898,0
user_5,2026-02-02,UPI/CLOUDSTORAGE PRO/UPIIntent/ICICI/215302878266/,472.33,1,1,0,,UPI/CLOUDSTORAGE PRO/UPIIntent/ICICI,652.48,3602.472807102856,-0.050007317097524026,0
user_5,2026-02-02,UPI/NEWSDIGITAL SUB/UPIIntent/SBI/303902587116/,652.48,1,1,0,,UPI/NEWSDIGITAL SUB/UPIIntent/SBI,652.48,3602.472807102856,0.0,0
user_5,2026-02-03,UPI/NETFLIX.COM/UPIIntent/HDFC/505589429803/,100.41,1,0,0,,UPI/NETFLIX.COM/UPIIntent/HDFC,652.48,3602.472807102856,-0.1532475134611717,0
user_5,2026-02-03,UPI/SPOTIFY INDIA/UPIIntent/ICICI/498156177121/,966.71,1,0,0,,UPI/SPOTIFY INDIA/UPIIntent/ICICI,652.48,3602.472807102856,0.0872261962339993,0
user_5,2026-02-03,UPI/AMAZON PRIME/UPIIntent/AXIS/631893439761/,88.37,1,0,0,,UPI/AMAZON PRIME/UPIIntent/AXIS,652.48,3602.472807102856,-0.15658966221417858,0
user_5,2026-02-03,UPI/HOTSTAR SUB/UPIIntent/SBI/696448759560/,183.78,1,1,0,,UPI/HOTSTAR SUB/UPIIntent/SBI,652.48,3602.472807102856,-0.1301050764563392,0
user_5,2026-02-03,UPI/GYMFIT CLUB/UPIIntent/HDFC/645088242469/,869.75,1,1,0,,UPI/GYMFIT CLUB/UPIIntent/HDFC,652.48,3602.472807102856,0.06031135046227611,0
user_5,2026-02-04,UPI/ZOMATO LTD/UPIIntent/ICICI/656567931589/,379.95,0,0,0,Zomato,UPI/ZOMATO LTD/UPIIntent/ICICI,652.48,3602.472807102856,-0.07565081392499706,0
user_5,2026-02-04,UPI/CATERING CARE FSS/cateringcare1/HDFC/645408673133/,69.85,0,0,0,CateringCare,UPI/CATERING CARE FSS/cateringcare1/HDFC,652.48,3602.472807102856,-0.16173057541232538,0
user_5,2026-02-05,UPI/BLINK COMMERCE PVT LTD/UPIIntent/HDFC/997587978865/,188.94,0,0,0,Blinkit,UPI/BLINK COMMERCE PVT LTD/UPIIntent/HDFC,652.48,3602.472807102856,-0.12867272699076482,0
user_5,2026-02-07,UPI/THE FROTH HOUSE/cf.thefrothhou/NSDL/157599818503/,199.05,0,0,0,TheFrothHouse,UPI/THE FROTH HOUSE/cf.thefrothhou/NSDL,652.48,3602.472807102856,-0.1258663213518197,0
user_5,2026-02-08,UPI/Zomato Order/UPIIntent/ICICI/869880561995/,197.13,0,0,0,Zomato,UPI/Zomato Order/UPIIntent/ICICI,652.48,3602.472807102856,-0.1263992885948241,0
user_5,2026-02-09,UPI/Thesmartq1/thesmartq1.pay/UPIIntent/AIRTEL/964893879176/,157.74,0,0,0,Thesmartq1,UPI/Thesmartq1/thesmartq1.pay/UPIIntent/AIRTEL,652.48,3602.472807102856,-0.13733344468958664,0
user_5,2026-02-09,UPI/Zomato Order/UPIIntent/ICICI/880989056213/,179.63,0,0,0,Zomato,UPI/Zomato Order/UPIIntent/ICICI,652.48,3602.472807102856,-0.1312570629451248,0
user_5,2026-02-09,UPI/THE FROTH HOUSE/cf.thefrothhou/NSDL/681697480130/,675.98,0,0,0,TheFrothHouse,UPI/THE FROTH HOUSE/cf.thefrothhou/NSDL,652.48,3602.472807102856,0.006523296984689506,0
user_5,2026-02-10,UPI/M S ISHAN SHARMA/eazypay.8kvdv4/ICICI/478476977387/,1090.96,0,0,0,IshanSharma,UPI/M S ISHAN SHARMA/eazypay.8kvdv4/ICICI,652.48,3602.472807102856,0.12171639412113423,0
user_5,2026-02-10,UPI/M S ISHAN SHARMA/eazypay.8kvdv4/ICICI/266208694166/,1006.73,0,0,0,IshanSharma,UPI/M S ISHAN SHARMA/eazypay.8kvdv4/ICICI,652.48,3602.472807102856,0.09833523220537264,0
user_5,2026-02-12,UPI/BLINK COMMERCE PVT LTD/UPIIntent/HDFC/491205568365/,404.94,0,0,0,Blinkit,UPI/BLINK COMMERCE PVT LTD/UPIIntent/HDFC,652.48,3602.472807102856,-0.06871391215276768,0
user_5,2026-02-13,UPI/Kamod Kumar/UPI/INDIAN/200069133447/,248.59,0,0,0,KamodKumar,UPI/Kamod Kumar/UPI/INDIAN,652.48,3602.472807102856,-0.11211465613388273,0
user_5,2026-02-16,UPI/Kamod Kumar/UPI/INDIAN/851408131197/,384.77,0,0,0,KamodKumar,UPI/Kamod Kumar/UPI/INDIAN,652.48,3602.472807102856,-0.07431284407537139,0
user_5,2026-02-22,UPI/BLINK COMMERCE PVT LTD/UPIIntent/HDFC/216879330420/,1031.72,0,0,0,Blinkit,UPI/BLINK COMMERCE PVT LTD/UPIIntent/HDFC,652.48,3602.472807102856,0.10527213397760204,0
user_5,2026-02-25,UPI/THE FROTH HOUSE/cf.thefrothhou/NSDL/263999714402/,934.86,0,0,0,TheFrothHouse,UPI/THE FROTH HOUSE/cf.thefrothhou/NSDL,652.48,3602.472807102856,0.07838504691645203,0
user_5,2026-02-26,UPI/ZOMATO LTD/UPIIntent/ICICI/848917498144/,400.34,0,0,0,Zomato,UPI/ZOMATO LTD/UPIIntent/ICICI,652.48,3602.472807102856,-0.06999081283913243,0
user_5,2026-02-27,UPI/THE FROTH HOUSE/cf.thefrothhou/NSDL/365483555896/,1149.94,0,0,0,TheFrothHouse,UPI/THE FROTH HOUSE/cf.thefrothhou/NSDL,652.48,3602.472807102856,0.13808848161717624,0
user_5,2026-02-28,UPI/Bundl Technologies Pvt Ltd/UPIIntent/HDFC/165972325486/,131.31,0,0,0,Swiggy,UPI/Bundl Technologies Pvt Ltd/UPIIntent/HDFC,652.48,3602.472807102856,-0.14467007189406936,0
user_5,2026-03-03,UPI/GYMFIT CLUB/UPIIntent/HDFC/459462875168/,869.75,1,1,0,,UPI/GYMFIT CLUB/UPIIntent/HDFC,652.48,3602.472807102856,0.06031135046227611,0
user_5,2026-03-03,UPI/CLOUDSTORAGE PRO/UPIIntent/ICICI/983024995335/,472.33,1,1,0,,UPI/CLOUDSTORAGE PRO/UPIIntent/ICICI,652.48,3602.472807102856,-0.050007317097524026,0
user_5,2026-03-03,UPI/SWIGGY*BLR123/UPIIntent/HDFC/138893858598/,485.43,0,0,0,Swiggy,UPI/SWIGGY*BLR123/UPIIntent/HDFC,652.48,3602.472807102856,-0.046370926012441784,0
user_5,2026-03-03,UPI/Bundl Technologies Pvt Ltd/UPIIntent/HDFC/546316883402/,38.37,0,0,0,Swiggy,UPI/Bundl Technologies Pvt Ltd/UPIIntent/HDFC,652.48,3602.472807102856,-0.170469017500752,0
user_5,2026-03-04,UPI/NETFLIX.COM/UPIIntent/HDFC/123204302583/,100.41,1,0,0,,UPI/NETFLIX.COM/UPIIntent/HDFC,652.48,3602.472807102856,-0.1532475134611717,0
user_5,2026-03-04,UPI/ANGEL ONE/angelmfcpupa@i/Subscripti/INDUSIND/552751703383/,898.6,1,0,0,,UPI/ANGEL ONE/angelmfcpupa@i/Subscripti/INDUSIND,652.48,3602.472807102856,0.06831973846262898,0
user_5,2026-03-04,UPI/AMAZON PRIME/UPIIntent/AXIS/488286722005/,88.37,1,0,0,,UPI/AMAZON PRIME/UPIIntent/AXIS,652.48,3602.472807102856,-0.15658966221417858,0
user_5,2026-03-04,UPI/MUSICSTREAM PLUS/UPIIntent/AXIS/135247794776/,437.6,1,1,0,,UPI/MUSICSTREAM PLUS/UPIIntent/AXIS,652.48,3602.472807102856,-0.05964791727957791,0
user_5,2026-03-04,UPI/NEWSDIGITAL SUB/UPIIntent/SBI/438624492295/,652.48,1,1,0,,UPI/NEWSDIGITAL SUB/UPIIntent/SBI,652.48,3602.472807102856,0.0,0
user_5,2026-03-05,UPI/SPOTIFY INDIA/UPIIntent/ICICI/234120573285/,966.71,1,0,0,,UPI/SPOTIFY INDIA/UPIIntent/ICICI,652.48,3602.472807102856,0.0872261962339993,0
user_5,2026-03-05,UPI/HOTSTAR SUB/UPIIntent/SBI/102641435211/,183.78,1,1,0,,UPI/HOTSTAR SUB/UPIIntent/SBI,652.48,3602.472807102856,-0.1301050764563392,0
user_5,2026-03-05,UPI/Kamod Kumar/UPI/INDIAN/250315981831/,709.37,0,0,0,KamodKumar,UPI/Kamod Kumar/UPI/INDIAN,652.48,3602.472807102856,0.01579193044506323,0
user_5,2026-03-06,UPI/CATERING CARE FSS/cateringcare1/HDFC/422457545728/,764.66,0,0,0,CateringCare,UPI/CATERING CARE FSS/cateringcare1/HDFC,652.48,3602.472807102856,0.0311397215209561,0
user_5,2026-03-09,UPI/Thesmartq1/thesmartq1.pay/UPIIntent/AIRTEL/303685723822/,972.98,0,0,0,Thesmartq1,UPI/Thesmartq1/thesmartq1.pay/UPIIntent/AIRTEL,652.48,3602.472807102856,0.0889666673869356,0
user_5,2026-03-10,UPI/Bundl Technologies Pvt Ltd/UPIIntent/HDFC/157498149168/,1070.25,0,0,0,Swiggy,UPI/Bundl Technologies Pvt Ltd/UPIIntent/HDFC,652.48,3602.472807102856,0.11596756516143551,0
user_5,2026-03-11,UPI/SWIGGY BANGALORE/UPIIntent/HDFC/119630708018/,1096.99,0,0,0,Swiggy,UPI/SWIGGY BANGALORE/UPIIntent/HDFC,652.48,3602.472807102856,0.12339024436869497,0
user_5,2026-03-12,UPI/M S ISHAN SHARMA/eazypay.8kvdv4/ICICI/302407818043/,142.09,0,0,0,IshanSharma,UPI/M S ISHAN SHARMA/eazypay.8kvdv4/ICICI,652.48,3602.472807102856,-0.14167768289428412,0
user_5,2026-03-12,UPI/SWIGGY BANGALORE/UPIIntent/HDFC/215427574039/,525.99,0,0,0,Swiggy,UPI/SWIGGY BANGALORE/UPIIntent/HDFC,652.48,3602.472807102856,-0.03511199300397343,0
user_5,2026-03-13,UPI/THE FROTH HOUSE/cf.thefrothhou/NSDL/740994754031/,1152.93,0,0,0,TheFrothHouse,UPI/THE FROTH HOUSE/cf.thefrothhou/NSDL,652.48,3602.472807102856,0.13891846706331332,0
user_5,2026-03-15,UPI/CATERING CARE FSS/cateringcare1/HDFC/260042014986/,704.66,0,0,0,CateringCare,UPI/CATERING CARE FSS/cateringcare1/HDFC,652.48,3602.472807102856,0.014484495177068003,0
user_5,2026-03-20,UPI/Thesmartq1/thesmartq1.pay/UPIIntent/AIRTEL/525923196356/,466.17,0,0,0,Thesmartq1,UPI/Thesmartq1/thesmartq1.pay/UPIIntent/AIRTEL,652.48,3602.472807102856,-0.051717253668829864,0
user_5,2026-03-22,UPI/Blinkit/blinkit.payu@h/UPIIntent/HDFC/524737543769/,512.86,0,0,0,Blinkit,UPI/Blinkit/blinkit.payu@h/UPIIntent/HDFC,652.48,3602.472807102856,-0.03875671170222761,0
user_5,2026-03-22,UPI/Thesmartq1/thesmartq1.pay/UPIIntent/AIRTEL/616280280964/,1161.68,0,0,0,Thesmartq1,UPI/Thesmartq1/thesmartq1.pay/UPIIntent/AIRTEL,652.48,3602.472807102856,0.14134735423846367,0
user_5,2026-03-25,UPI/SWIGGY BANGALORE/UPIIntent/HDFC/393549559361/,801.62,0,0,0,Swiggy,UPI/SWIGGY BANGALORE/UPIIntent/HDFC,652.48,3602.472807102856,0.04139934094879118,0
user_5,2026-03-26,UPI/THE FROTH HOUSE/cf.thefrothhou/NSDL/471362665498/,642.75,0,0,0,TheFrothHouse,UPI/THE FROTH HOUSE/cf.thefrothhou/NSDL,652.48,3602.472807102856,-0.0027009225387671916,0
user_5,2026-03-27,UPI/M S ISHAN SHARMA/eazypay.8kvdv4/ICICI/347909051040/,733.81,0,0,0,IshanSharma,UPI/M S ISHAN SHARMA/eazypay.8kvdv4/ICICI,652.48,3602.472807102856,0.0225761593091403,0
user_5,2026-03-28,UPI/SWIGGY BANGALORE/UPIIntent/HDFC/463987603844/,652.09,0,0,0,Swiggy,UPI/SWIGGY BANGALORE/UPIIntent/HDFC,652.48,3602.472807102856,-0.00010825897123526885,0
user_5,2026-03-31,UPI/ZOMATO LTD/UPIIntent/ICICI/941734076425/,435.48,0,0,0,Zomato,UPI/ZOMATO LTD/UPIIntent/ICICI,652.48,3602.472807102856,-0.060236401943728625,0
user_5,2026-04-01,UPI/M S ISHAN SHARMA/eazypay.8kvdv4/ICICI/575291138660/,348.11,0,0,0,IshanSharma,UPI/M S ISHAN SHARMA/eazypay.8kvdv4/ICICI,652.48,3602.472807102856,-0.08448918737148702,0
user_5,2026-04-02,UPI/AMAZON PRIME/UPIIntent/AXIS/589327611325/,88.37,1,0,0,,UPI/AMAZON PRIME/UPIIntent/AXIS,652.48,3602.472807102856,-0.15658966221417858,0
user_5,2026-04-02,UPI/CLOUDSTORAGE PRO/UPIIntent/ICICI/748897572718/,519.56,1,1,0,,UPI/CLOUDSTORAGE PRO/UPIIntent/ICICI,652.48,3602.472807102856,-0.03689687809382679,0
user_5,2026-04-02,UPI/MUSICSTREAM PLUS/UPIIntent/AXIS/571558886759/,450.34,1,1,0,,UPI/MUSICSTREAM PLUS/UPIIntent/AXIS,652.48,3602.472807102856,-0.056111457552559016,0
user_5,2026-04-03,UPI/NETFLIX.COM/UPIIntent/HDFC/659424393734/,100.41,1,0,0,,UPI/NETFLIX.COM/UPIIntent/HDFC,652.48,3602.472807102856,-0.1532475134611717,0
user_5,2026-04-03,UPI/SPOTIFY INDIA/UPIIntent/ICICI/220938066279/,966.71,1,0,0,,UPI/SPOTIFY INDIA/UPIIntent/ICICI,652.48,3602.472807102856,0.0872261962339993,0
user_5,2026-04-03,UPI/ANGEL ONE/angelmfcpupa@i/Subscripti/INDUSIND/220826270837/,898.6,1,0,0,,UPI/ANGEL ONE/angelmfcpupa@i/Subscripti/INDUSIND,652.48,3602.472807102856,0.06831973846262898,0
user_5,2026-04-03,UPI/GYMFIT CLUB/UPIIntent/HDFC/807010257019/,869.75,1,1,0,,UPI/GYMFIT CLUB/UPIIntent/HDFC,652.48,3602.472807102856,0.06031135046227611,0
user_5,2026-04-03,UPI/NEWSDIGITAL SUB/UPIIntent/SBI/496163346927/,652.48,1,1,0,,UPI/NEWSDIGITAL SUB/UPIIntent/SBI,652.48,3602.472807102856,0.0,0
user_5,2026-04-04,UPI/HOTSTAR SUB/UPIIntent/SBI/936592786858/,198.48,1,1,0,,UPI/HOTSTAR SUB/UPIIntent/SBI,652.48,3602.472807102856,-0.12602454600208662,0
user_5,2026-04-04,UPI/SWIGGY*BLR123/UPIIntent/HDFC/796635298604/,983.38,0,0,0,Swiggy,UPI/SWIGGY*BLR123/UPIIntent/HDFC,652.48,3602.472807102856,0.09185357328654285,0
user_5,2026-04-06,UPI/Kamod Kumar/UPI/INDIAN/460428302639/,1000.8,0,0,0,KamodKumar,UPI/Kamod Kumar/UPI/INDIAN,652.48,3602.472807102856,0.09668914066838502,0
user_5,2026-04-11,UPI/CATERING CARE FSS/cateringcare1/HDFC/779868910321/,283.97,0,0,0,CateringCare,UPI/CATERING CARE FSS/cateringcare1/HDFC,652.48,3602.472807102856,-0.10229362433310339,0
user_5,2026-04-11,UPI/BOTTLE LAB TECHNOLOGIES/pinelabs.11443/UPI/AXIS/508797572062/,166.0,0,0,0,BottleLab,UPI/BOTTLE LAB TECHNOLOGIES/pinelabs.11443/UPI/AXIS,652.48,3602.472807102856,-0.1350405751962447,0
user_5,2026-04-15,UPI/Zomato Order/UPIIntent/ICICI/356434091365/,440.35,0,0,0,Zomato,UPI/Zomato Order/UPIIntent/ICICI,652.48,3602.472807102856,-0.05888455273881637,0
user_5,2026-04-15,UPI/M S ISHAN SHARMA/eazypay.8kvdv4/ICICI/293558803462/,1122.33,0,0,0,IshanSharma,UPI/M S ISHAN SHARMA/eazypay.8kvdv4/ICICI,652.48,3602.472807102856,0.13042430162793037,0
user_5,2026-04-17,UPI/THE FROTH HOUSE/cf.thefrothhou/NSDL/254961632735/,766.89,0,0,0,TheFrothHouse,UPI/THE FROTH HOUSE/cf.thefrothhou/NSDL,652.48,3602.472807102856,0.03175874076673728,0
user_5,2026-04-18,UPI/BLINK COMMERCE PVT LTD/UPIIntent/HDFC/819362626821/,964.7,0,0,0,Blinkit,UPI/BLINK COMMERCE PVT LTD/UPIIntent/HDFC,652.48,3602.472807102856,0.08666824615147904,0
user_5,2026-04-19,UPI/Thesmartq1/thesmartq1.pay/UPIIntent/AIRTEL/304722733093/,253.98,0,0,0,Thesmartq1,UPI/Thesmartq1/thesmartq1.pay/UPIIntent/AIRTEL,652.48,3602.472807102856,-0.11061846163399013,0
user_5,2026-04-20,UPI/Thesmartq1/thesmartq1.pay/UPIIntent/AIRTEL/228164530657/,257.99,0,0,0,Thesmartq1,UPI/Thesmartq1/thesmartq1.pay/UPIIntent/AIRTEL,652.48,3602.472807102856,-0.10950533734000693,0
user_5,2026-04-22,UPI/Blinkit/blinkit.payu@h/UPIIntent/HDFC/857440164496/,420.76,0,0,0,Blinkit,UPI/Blinkit/blinkit.payu@h/UPIIntent/HDFC,652.48,3602.472807102856,-0.06432248414009585,0
user_5,2026-04-22,UPI/THE FROTH HOUSE/cf.thefrothhou/NSDL/326693448195/,932.98,0,0,0,TheFrothHouse,UPI/THE FROTH HOUSE/cf.thefrothhou/NSDL,652.48,3602.472807102856,0.07786318315767686,0
user_5,2026-04-27,UPI/M S ISHAN SHARMA/eazypay.8kvdv4/ICICI/512865592431/,917.68,0,0,0,IshanSharma,UPI/M S ISHAN SHARMA/eazypay.8kvdv4/ICICI,652.48,3602.472807102856,0.07361610043998537,0
user_5,2026-04-29,UPI/CATERING CARE FSS/cateringcare1/HDFC/926095498990/,713.55,0,0,0,CateringCare,UPI/CATERING CARE FSS/cateringcare1/HDFC,652.48,3602.472807102856,0.016952244547020753,0
user_5,2026-04-29,UPI/CATERING CARE FSS/cateringcare1/HDFC/346812304980/,907.65,0,0,0,CateringCare,UPI/CATERING CARE FSS/cateringcare1/HDFC,652.48,3602.472807102856,0.07083190176949876,0
user_5,2026-05-01,UPI/Thesmartq1/thesmartq1.pay/UPIIntent/AIRTEL/187932337961/,980.86,0,0,0,Thesmartq1,UPI/Thesmartq1/thesmartq1.pay/UPIIntent/AIRTEL,652.48,3602.472807102856,0.09115405378009957,0
user_5,2026-05-02,UPI/NETFLIX.COM/UPIIntent/HDFC/406724316627/,100.41,1,0,0,,UPI/NETFLIX.COM/UPIIntent/HDFC,652.48,3602.472807102856,-0.1532475134611717,0
user_5,2026-05-02,UPI/HOTSTAR SUB/UPIIntent/SBI/495012918469/,198.48,1,1,0,,UPI/HOTSTAR SUB/UPIIntent/SBI,652.48,3602.472807102856,-0.12602454600208662,0
user_5,2026-05-02,UPI/CLOUDSTORAGE PRO/UPIIntent/ICICI/446911567357/,519.56,1,1,0,,UPI/CLOUDSTORAGE PRO/UPIIntent/ICICI,652.48,3602.472807102856,-0.03689687809382679,0
user_5,2026-05-02,UPI/NEWSDIGITAL SUB/UPIIntent/SBI/153365952331/,730.78,1,1,0,,UPI/NEWSDIGITAL SUB/UPIIntent/SBI,652.48,3602.472807102856,0.021735070378773955,0
user_5,2026-05-02,UPI/Thesmartq1/thesmartq1.pay/UPIIntent/AIRTEL/151036258302/,355.88,0,0,0,Thesmartq1,UPI/Thesmartq1/thesmartq1.pay/UPIIntent/AIRTEL,652.48,3602.472807102856,-0.0823323355599535,0
user_5,2026-05-03,UPI/AMAZON PRIME/UPIIntent/AXIS/830856792115/,88.37,1,0,0,,UPI/AMAZON PRIME/UPIIntent/AXIS,652.48,3602.472807102856,-0.15658966221417858,0
user_5,2026-05-03,UPI/GYMFIT CLUB/UPIIntent/HDFC/671533770044/,913.24,1,1,0,,UPI/GYMFIT CLUB/UPIIntent/HDFC,652.48,3602.472807102856,0.07238361369053767,0
user_5,2026-05-03,UPI/MUSICSTREAM PLUS/UPIIntent/AXIS/341696827257/,463.09,1,1,0,,UPI/MUSICSTREAM PLUS/UPIIntent/AXIS,652.48,3602.472807102856,-0.052572221954482794,0
user_5,2026-05-03,UPI/Zomato Order/UPIIntent/ICICI/166024968267/,1027.32,0,0,0,Zomato,UPI/Zomato Order/UPIIntent/ICICI,652.48,3602.472807102856,0.10405075071238357,0
user_5,2026-05-04,UPI/SPOTIFY INDIA/UPIIntent/ICICI/809962605665/,966.71,1,0,0,,UPI/SPOTIFY INDIA/UPIIntent/ICICI,652.48,3602.472807102856,0.0872261962339993,0
user_5,2026-05-04,UPI/ANGEL ONE/angelmfcpupa@i/Subscripti/INDUSIND/340682512328/,898.6,1,0,0,,UPI/ANGEL ONE/angelmfcpupa@i/Subscripti/INDUSIND,652.48,3602.472807102856,0.06831973846262898,0
user_5,2026-05-04,UPI/Kamod Kumar/UPI/INDIAN/608065080484/,1088.87,0,0,0,KamodKumar,UPI/Kamod Kumar/UPI/INDIAN,652.48,3602.472807102856,0.12113623707015542,0
user_5,2026-05-05,UPI/BOTTLE LAB TECHNOLOGIES/pinelabs.11443/UPI/AXIS/510894636303/,676.31,0,0,0,BottleLab,UPI/BOTTLE LAB TECHNOLOGIES/pinelabs.11443/UPI/AXIS,652.48,3602.472807102856,0.00661490072958087,0
user_5,2026-05-10,UPI/M S ISHAN SHARMA/eazypay.8kvdv4/ICICI/986487035905/,432.43,0,0,0,IshanSharma,UPI/M S ISHAN SHARMA/eazypay.8kvdv4/ICICI,652.48,3602.472807102856,-0.06108304261620961,0
user_5,2026-05-10,UPI/CATERING CARE FSS/cateringcare1/HDFC/947551426024/,999.19,0,0,0,CateringCare,UPI/CATERING CARE FSS/cateringcare1/HDFC,652.48,3602.472807102856,0.09624222542815739,0
user_5,2026-05-12,UPI/THE FROTH HOUSE/cf.thefrothhou/NSDL/652369753158/,902.25,0,0,0,TheFrothHouse,UPI/THE FROTH HOUSE/cf.thefrothhou/NSDL,652.48,3602.472807102856,0.06933293139854883,0
user_5,2026-05-12,UPI/BLINK COMMERCE PVT LTD/UPIIntent/HDFC/430630235138/,821.12,0,0,0,Blinkit,UPI/BLINK COMMERCE PVT LTD/UPIIntent/HDFC,652.48,3602.472807102856,0.046812289510554814,0
user_5,2026-05-12,UPI/M S ISHAN SHARMA/eazypay.8kvdv4/ICICI/382397374854/,778.02,0,0,0,IshanSharma,UPI/M S ISHAN SHARMA/eazypay.8kvdv4/ICICI,652.48,3602.472807102856,0.034848285253528524,0
user_5,2026-05-13,UPI/THE FROTH HOUSE/cf.thefrothhou/NSDL/660677202382/,640.8,0,0,0,TheFrothHouse,UPI/THE FROTH HOUSE/cf.thefrothhou/NSDL,652.48,3602.472807102856,-0.0032422173949435674,0
user_5,2026-05-13,UPI/ZOMATO LTD/UPIIntent/ICICI/175094982751/,1142.1,0,0,0,Zomato,UPI/ZOMATO LTD/UPIIntent/ICICI,652.48,3602.472807102856,0.13591219870824148,0
user_5,2026-05-14,UPI/BOTTLE LAB TECHNOLOGIES/pinelabs.11443/UPI/AXIS/551169200193/,336.53,0,0,0,BottleLab,UPI/BOTTLE LAB TECHNOLOGIES/pinelabs.11443/UPI/AXIS,652.48,3602.472807102856,-0.08770364605585743,0
user_5,2026-05-16,UPI/CATERING CARE FSS/cateringcare1/HDFC/242694672978/,551.62,0,0,0,CateringCare,UPI/CATERING CARE FSS/cateringcare1/HDFC,652.48,3602.472807102856,-0.0279974354840759,0
user_5,2026-05-17,UPI/SWIGGY BANGALORE/UPIIntent/HDFC/775597983449/,633.72,0,0,0,Swiggy,UPI/SWIGGY BANGALORE/UPIIntent/HDFC,652.48,3602.472807102856,-0.005207534103522343,0
user_5,2026-05-18,UPI/THE FROTH HOUSE/cf.thefrothhou/NSDL/921396922860/,866.66,0,0,0,TheFrothHouse,UPI/THE FROTH HOUSE/cf.thefrothhou/NSDL,652.48,3602.472807102856,0.05945360630556587,0
user_5,2026-05-21,UPI/Zomato Order/UPIIntent/ICICI/220582695730/,64.68,0,0,0,Zomato,UPI/Zomato Order/UPIIntent/ICICI,652.48,3602.472807102856,-0.16316570074895706,0
user_5,2026-05-23,UPI/Bundl Technologies Pvt Ltd/UPIIntent/HDFC/296430557917/,1197.2,0,0,0,Swiggy,UPI/Bundl Technologies Pvt Ltd/UPIIntent/HDFC,652.48,3602.472807102856,0.15120724823404544,0
user_5,2026-05-25,UPI/CATERING CARE FSS/cateringcare1/HDFC/223005808764/,626.53,0,0,0,CateringCare,UPI/CATERING CARE FSS/cateringcare1/HDFC,652.48,3602.472807102856,-0.0072033853937316155,0
user_5,2026-05-25,UPI/BOTTLE LAB TECHNOLOGIES/pinelabs.11443/UPI/AXIS/448467126639/,716.43,0,0,0,BottleLab,UPI/BOTTLE LAB TECHNOLOGIES/pinelabs.11443/UPI/AXIS,652.48,3602.472807102856,0.01775169541152738,0
user_5,2026-05-26,UPI/BOTTLE LAB TECHNOLOGIES/pinelabs.11443/UPI/AXIS/992848048358/,47785.14,0,0,1,BottleLab,UPI/BOTTLE LAB TECHNOLOGIES/pinelabs.11443/UPI/AXIS,652.48,3602.472807102856,13.083418674825346,1
user_5,2026-05-30,UPI/ZOMATO LTD/UPIIntent/ICICI/237971775708/,122.92,0,0,0,Zomato,UPI/ZOMATO LTD/UPIIntent/ICICI,652.48,3602.472807102856,-0.1469990277111564,0
user_5,2026-05-31,UPI/Blinkit/blinkit.payu@h/UPIIntent/HDFC/258376712997/,76.4,0,0,0,Blinkit,UPI/Blinkit/blinkit.payu@h/UPIIntent/HDFC,652.48,3602.472807102856,-0.15991237986978427,0
user_5,2026-05-31,UPI/CATERING CARE FSS/cateringcare1/HDFC/988382342309/,480.48,0,0,0,CateringCare,UPI/CATERING CARE FSS/cateringcare1/HDFC,652.48,3602.472807102856,-0.04774498218581255,0
user_5,2026-06-01,UPI/AMAZON PRIME/UPIIntent/AXIS/486850946904/,88.37,1,0,0,,UPI/AMAZON PRIME/UPIIntent/AXIS,652.48,3602.472807102856,-0.15658966221417858,0
user_5,2026-06-01,UPI/NEWSDIGITAL SUB/UPIIntent/SBI/175919345616/,730.78,1,1,0,,UPI/NEWSDIGITAL SUB/UPIIntent/SBI,652.48,3602.472807102856,0.021735070378773955,0
user_5,2026-06-02,UPI/SPOTIFY INDIA/UPIIntent/ICICI/313388111611/,966.71,1,0,0,,UPI/SPOTIFY INDIA/UPIIntent/ICICI,652.48,3602.472807102856,0.0872261962339993,0
user_5,2026-06-02,UPI/HOTSTAR SUB/UPIIntent/SBI/699032352103/,213.18,1,1,0,,UPI/HOTSTAR SUB/UPIIntent/SBI,652.48,3602.472807102856,-0.12194401554783403,0
user_5,2026-06-02,UPI/CLOUDSTORAGE PRO/UPIIntent/ICICI/943111684971/,566.8,1,1,0,,UPI/CLOUDSTORAGE PRO/UPIIntent/ICICI,652.48,3602.472807102856,-0.023783663219072222,0
user_5,2026-06-02,UPI/Kamod Kumar/UPI/INDIAN/766739577161/,1127.42,0,0,0,KamodKumar,UPI/Kamod Kumar/UPI/INDIAN,652.48,3602.472807102856,0.13183721999610357,0
user_5,2026-06-03,UPI/NETFLIX.COM/UPIIntent/HDFC/911638411931/,100.41,1,0,0,,UPI/NETFLIX.COM/UPIIntent/HDFC,652.48,3602.472807102856,-0.1532475134611717,0
user_5,2026-06-03,UPI/ANGEL ONE/angelmfcpupa@i/Subscripti/INDUSIND/200253715169/,898.6,1,0,0,,UPI/ANGEL ONE/angelmfcpupa@i/Subscripti/INDUSIND,652.48,3602.472807102856,0.06831973846262898,0
user_5,2026-06-03,UPI/GYMFIT CLUB/UPIIntent/HDFC/771629090059/,913.24,1,1,0,,UPI/GYMFIT CLUB/UPIIntent/HDFC,652.48,3602.472807102856,0.07238361369053767,0
user_5,2026-06-03,UPI/MUSICSTREAM PLUS/UPIIntent/AXIS/600367742086/,475.83,1,1,0,,UPI/MUSICSTREAM PLUS/UPIIntent/AXIS,652.48,3602.472807102856,-0.049035762227463885,0
user_5,2026-06-03,UPI/CATERING CARE FSS/cateringcare1/HDFC/820386025431/,890.95,0,0,0,CateringCare,UPI/CATERING CARE FSS/cateringcare1/HDFC,652.48,3602.472807102856,0.06619619710378326,0
user_5,2026-06-06,UPI/BOTTLE LAB TECHNOLOGIES/pinelabs.11443/UPI/AXIS/373862946959/,159.78,0,0,0,BottleLab,UPI/BOTTLE LAB TECHNOLOGIES/pinelabs.11443/UPI/AXIS,652.48,3602.472807102856,-0.13676716699389446,0
user_5,2026-06-07,UPI/THE FROTH HOUSE/cf.thefrothhou/NSDL/424475383295/,912.44,0,0,0,TheFrothHouse,UPI/THE FROTH HOUSE/cf.thefrothhou/NSDL,652.48,3602.472807102856,0.07216154400595251,0
user_5,2026-06-10,UPI/Zomato Order/UPIIntent/ICICI/747784288369/,334.38,0,0,0,Zomato,UPI/Zomato Order/UPIIntent/ICICI,652.48,3602.472807102856,-0.08830045833318008,0
user_5,2026-06-12,UPI/BLINK COMMERCE PVT LTD/UPIIntent/HDFC/800781902004/,688.84,0,0,0,Blinkit,UPI/BLINK COMMERCE PVT LTD/UPIIntent/HDFC,652.48,3602.472807102856,0.010093067164396192,0
user_5,2026-06-12,UPI/Zomato Order/UPIIntent/ICICI/107515114860/,395.43,0,0,0,Zomato,UPI/Zomato Order/UPIIntent/ICICI,652.48,3602.472807102856,-0.07135376552827394,0
user_5,2026-06-13,UPI/BOTTLE LAB TECHNOLOGIES/pinelabs.11443/UPI/AXIS/938733557414/,176.85,0,0,0,BottleLab,UPI/BOTTLE LAB TECHNOLOGIES/pinelabs.11443/UPI/AXIS,652.48,3602.472807102856,-0.13202875509905826,0
user_5,2026-06-13,UPI/Thesmartq1/thesmartq1.pay/UPIIntent/AIRTEL/257384162246/,1142.59,0,0,0,Thesmartq1,UPI/Thesmartq1/thesmartq1.pay/UPIIntent/AIRTEL,652.48,3602.472807102856,0.1360482163900499,0
user_5,2026-06-13,UPI/SWIGGY BANGALORE/UPIIntent/HDFC/815016532387/,1034.74,0,0,0,Swiggy,UPI/SWIGGY BANGALORE/UPIIntent/HDFC,652.48,3602.472807102856,0.10611044703691107,0
user_5,2026-06-13,UPI/THE FROTH HOUSE/cf.thefrothhou/NSDL/670274753970/,463.43,0,0,0,TheFrothHouse,UPI/THE FROTH HOUSE/cf.thefrothhou/NSDL,652.48,3602.472807102856,-0.052477842338534086,0
user_5,2026-06-18,UPI/CATERING CARE FSS/cateringcare1/HDFC/700678036185/,1092.42,0,0,0,CateringCare,UPI/CATERING CARE FSS/cateringcare1/HDFC,652.48,3602.472807102856,0.12212167129550218,0
user_5,2026-06-18,UPI/BLINK COMMERCE PVT LTD/UPIIntent/HDFC/779397431688/,791.03,0,0,0,Blinkit,UPI/BLINK COMMERCE PVT LTD/UPIIntent/HDFC,652.48,3602.472807102856,0.03845969349909492,0
user_5,2026-06-20,UPI/BOTTLE LAB TECHNOLOGIES/pinelabs.11443/UPI/AXIS/463233104667/,660.67,0,0,0,BottleLab,UPI/BOTTLE LAB TECHNOLOGIES/pinelabs.11443/UPI/AXIS,652.48,3602.472807102856,0.002273438395940709,0
user_5,2026-06-22,UPI/Kamod Kumar/UPI/INDIAN/668715748786/,300.41,0,0,0,KamodKumar,UPI/Kamod Kumar/UPI/INDIAN,652.48,3602.472807102856,-0.09773009231487804,0
user_5,2026-06-22,UPI/Kamod Kumar/UPI/INDIAN/300090746418/,845.78,0,0,0,KamodKumar,UPI/Kamod Kumar/UPI/INDIAN,652.48,3602.472807102856,0.05365758753789281,0
user_5,2026-06-24,UPI/Thesmartq1/thesmartq1.pay/UPIIntent/AIRTEL/461779044521/,450.29,0,0,0,Thesmartq1,UPI/Thesmartq1/thesmartq1.pay/UPIIntent/AIRTEL,652.48,3602.472807102856,-0.056125336907845574,0
user_5,2026-06-26,UPI/BOTTLE LAB TECHNOLOGIES/pinelabs.11443/UPI/AXIS/978881249114/,920.79,0,0,0,BottleLab,UPI/BOTTLE LAB TECHNOLOGIES/pinelabs.11443/UPI/AXIS,652.48,3602.472807102856,0.07447939633881025,0
user_5,2026-06-27,UPI/BOTTLE LAB TECHNOLOGIES/pinelabs.11443/UPI/AXIS/479014044232/,996.91,0,0,0,BottleLab,UPI/BOTTLE LAB TECHNOLOGIES/pinelabs.11443/UPI/AXIS,652.48,3602.472807102856,0.09560932682708961,0
user_5,2026-06-27,UPI/Zomato Order/UPIIntent/ICICI/227573148946/,838.45,0,0,0,Zomato,UPI/Zomato Order/UPIIntent/ICICI,652.48,3602.472807102856,0.05162287405288117,0
user_5,2026-06-28,UPI/Thesmartq1/thesmartq1.pay/UPIIntent/AIRTEL/374712917066/,193.81,0,0,0,Thesmartq1,UPI/Thesmartq1/thesmartq1.pay/UPIIntent/AIRTEL,652.48,3602.472807102856,-0.12732087778585258,0
user_5,2026-06-28,UPI/M S ISHAN SHARMA/eazypay.8kvdv4/ICICI/788995968033/,670.87,0,0,0,IshanSharma,UPI/M S ISHAN SHARMA/eazypay.8kvdv4/ICICI,652.48,3602.472807102856,0.005104826874401698,0
user_5,2026-06-29,UPI/Kamod Kumar/UPI/INDIAN/752615502411/,391.13,0,0,0,KamodKumar,UPI/Kamod Kumar/UPI/INDIAN,652.48,3602.472807102856,-0.07254739008291924,0
user_5,2026-06-30,UPI/Kamod Kumar/UPI/INDIAN/678528704701/,801.84,0,0,0,KamodKumar,UPI/Kamod Kumar/UPI/INDIAN,652.48,3602.472807102856,0.041460410112052114,0
user_5,2026-07-01,UPI/NETFLIX.COM/UPIIntent/HDFC/580243411325/,100.41,1,0,0,,UPI/NETFLIX.COM/UPIIntent/HDFC,652.48,3602.472807102856,-0.1532475134611717,0
user_5,2026-07-01,UPI/HOTSTAR SUB/UPIIntent/SBI/289757872184/,213.18,1,1,0,,UPI/HOTSTAR SUB/UPIIntent/SBI,652.48,3602.472807102856,-0.12194401554783403,0
user_5,2026-07-01,UPI/CLOUDSTORAGE PRO/UPIIntent/ICICI/379091461339/,566.8,1,1,0,,UPI/CLOUDSTORAGE PRO/UPIIntent/ICICI,652.48,3602.472807102856,-0.023783663219072222,0
user_5,2026-07-01,UPI/BOTTLE LAB TECHNOLOGIES/pinelabs.11443/UPI/AXIS/437121358180/,260.35,0,0,0,BottleLab,UPI/BOTTLE LAB TECHNOLOGIES/pinelabs.11443/UPI/AXIS,652.48,3602.472807102856,-0.10885023177048067,0
user_5,2026-07-02,UPI/ANGEL ONE/angelmfcpupa@i/Subscripti/INDUSIND/818067318173/,898.6,1,0,0,,UPI/ANGEL ONE/angelmfcpupa@i/Subscripti/INDUSIND,652.48,3602.472807102856,0.06831973846262898,0
user_5,2026-07-02,UPI/GYMFIT CLUB/UPIIntent/HDFC/191130024818/,913.24,1,1,0,,UPI/GYMFIT CLUB/UPIIntent/HDFC,652.48,3602.472807102856,0.07238361369053767,0
user_5,2026-07-03,UPI/SPOTIFY INDIA/UPIIntent/ICICI/144435229171/,966.71,1,0,0,,UPI/SPOTIFY INDIA/UPIIntent/ICICI,652.48,3602.472807102856,0.0872261962339993,0
user_5,2026-07-03,UPI/AMAZON PRIME/UPIIntent/AXIS/644574008253/,88.37,1,0,0,,UPI/AMAZON PRIME/UPIIntent/AXIS,652.48,3602.472807102856,-0.15658966221417858,0
user_5,2026-07-03,UPI/MUSICSTREAM PLUS/UPIIntent/AXIS/550208133452/,488.58,1,1,0,,UPI/MUSICSTREAM PLUS/UPIIntent/AXIS,652.48,3602.472807102856,-0.04549652662938766,0
user_5,2026-07-03,UPI/NEWSDIGITAL SUB/UPIIntent/SBI/757529909648/,730.78,1,1,0,,UPI/NEWSDIGITAL SUB/UPIIntent/SBI,652.48,3602.472807102856,0.021735070378773955,0
user_5,2026-07-05,UPI/BOTTLE LAB TECHNOLOGIES/pinelabs.11443/UPI/AXIS/224363935884/,1146.4,0,0,0,BottleLab,UPI/BOTTLE LAB TECHNOLOGIES/pinelabs.11443/UPI/AXIS,652.48,3602.472807102856,0.13710582326288684,0
user_5,2026-07-05,UPI/THE FROTH HOUSE/cf.thefrothhou/NSDL/549480580830/,121.7,0,0,0,TheFrothHouse,UPI/THE FROTH HOUSE/cf.thefrothhou/NSDL,652.48,3602.472807102856,-0.14733768398014874,0
user_5,2026-07-07,UPI/Thesmartq1/thesmartq1.pay/UPIIntent/AIRTEL/765096643212/,832.49,0,0,0,Thesmartq1,UPI/Thesmartq1/thesmartq1.pay/UPIIntent/AIRTEL,652.48,3602.472807102856,0.04996845490272161,0
user_5,2026-07-10,UPI/M S ISHAN SHARMA/eazypay.8kvdv4/ICICI/399915881083/,1031.79,0,0,0,IshanSharma,UPI/M S ISHAN SHARMA/eazypay.8kvdv4/ICICI,652.48,3602.472807102856,0.10529156507500323,0
user_5,2026-07-11,UPI/M S ISHAN SHARMA/eazypay.8kvdv4/ICICI/512271379778/,1019.03,0,0,0,IshanSharma,UPI/M S ISHAN SHARMA/eazypay.8kvdv4/ICICI,652.48,3602.472807102856,0.1017495536058697,0
user_5,2026-07-11,UPI/ZOMATO LTD/UPIIntent/ICICI/721746124910/,615.24,0,0,0,Zomato,UPI/ZOMATO LTD/UPIIntent/ICICI,652.48,3602.472807102856,-0.010337343817439882,0
user_5,2026-07-12,UPI/CATERING CARE FSS/cateringcare1/HDFC/290380024707/,759.3,0,0,0,CateringCare,UPI/CATERING CARE FSS/cateringcare1/HDFC,652.48,3602.472807102856,0.029651854634235426,0
user_5,2026-07-12,UPI/Zomato Order/UPIIntent/ICICI/666085913668/,121.19,0,0,0,Zomato,UPI/Zomato Order/UPIIntent/ICICI,652.48,3602.472807102856,-0.14747925340407178,0
user_5,2026-07-14,UPI/Thesmartq1/thesmartq1.pay/UPIIntent/AIRTEL/464544437271/,933.0,0,0,0,Thesmartq1,UPI/Thesmartq1/thesmartq1.pay/UPIIntent/AIRTEL,652.48,3602.472807102856,0.07786873489979149,0
user_5,2026-07-18,UPI/THE FROTH HOUSE/cf.thefrothhou/NSDL/132142193461/,875.84,0,0,0,TheFrothHouse,UPI/THE FROTH HOUSE/cf.thefrothhou/NSDL,652.48,3602.472807102856,0.062001855936180766,0
user_5,2026-07-20,UPI/Thesmartq1/thesmartq1.pay/UPIIntent/AIRTEL/445226761533/,747.45,0,0,0,Thesmartq1,UPI/Thesmartq1/thesmartq1.pay/UPIIntent/AIRTEL,652.48,3602.472807102856,0.026362447431317552,0
user_5,2026-07-21,UPI/BOTTLE LAB TECHNOLOGIES/pinelabs.11443/UPI/AXIS/422782060082/,607.09,0,0,0,BottleLab,UPI/BOTTLE LAB TECHNOLOGIES/pinelabs.11443/UPI/AXIS,652.48,3602.472807102856,-0.012599678729151343,0
user_5,2026-07-21,UPI/ZOMATO LTD/UPIIntent/ICICI/224089179148/,489.23,0,0,0,Zomato,UPI/ZOMATO LTD/UPIIntent/ICICI,652.48,3602.472807102856,-0.0453160950106622,0
user_5,2026-07-23,UPI/SWIGGY BANGALORE/UPIIntent/HDFC/254127754635/,225.08,0,0,0,Swiggy,UPI/SWIGGY BANGALORE/UPIIntent/HDFC,652.48,3602.472807102856,-0.11864072898962955,0
user_5,2026-07-24,UPI/CATERING CARE FSS/cateringcare1/HDFC/275150696902/,759.62,0,0,0,CateringCare,UPI/CATERING CARE FSS/cateringcare1/HDFC,652.48,3602.472807102856,0.02974068250806951,0
user_5,2026-07-24,UPI/THE FROTH HOUSE/cf.thefrothhou/NSDL/176455348399/,237.52,0,0,0,TheFrothHouse,UPI/THE FROTH HOUSE/cf.thefrothhou/NSDL,652.48,3602.472807102856,-0.1151875453943301,0
user_5,2026-07-29,UPI/BOTTLE LAB TECHNOLOGIES/pinelabs.11443/UPI/AXIS/617477992120/,1008.31,0,0,0,BottleLab,UPI/BOTTLE LAB TECHNOLOGIES/pinelabs.11443/UPI/AXIS,652.48,3602.472807102856,0.09877381983242835,0
